{
    "type": "FeatureCollection",
    "features": [
        {
        "type": "Feature",
        "properties": {},
        "geometry": {
            "type": "Polygon",
            "coordinates": [
            [
                [
                8.8304,
                61.8551
                ],
                [
                8.8336,
                61.8551
                ],
                [
                8.8336,
                61.8583
                ],
                [
                8.8304,
                61.8583
                ],
                [
                8.8304,
                61.8551
                ]
            ]
            ]
        }
        }
    ]
    }