{
    "type": "FeatureCollection",
    "features": [
        {
        "type": "Feature",
        "properties": {},
        "geometry": {
            "type": "Polygon",
            "coordinates": [
            [
                [
                6.6945,
                61.8948
                ],
                [
                6.6976,
                61.8948
                ],
                [
                6.6976,
                61.898
                ],
                [
                6.6945,
                61.898
                ],
                [
                6.6945,
                61.8948
                ]
            ]
            ]
        }
        }
    ]
    }