{
    "type": "FeatureCollection",
    "features": [
        {
        "type": "Feature",
        "properties": {},
        "geometry": {
            "type": "Polygon",
            "coordinates": [
            [
                [
                8.5037,
                60.848
                ],
                [
                8.5069,
                60.848
                ],
                [
                8.5069,
                60.8512
                ],
                [
                8.5037,
                60.8512
                ],
                [
                8.5037,
                60.848
                ]
            ]
            ]
        }
        }
    ]
    }