{
    "type": "FeatureCollection",
    "features": [
        {
        "type": "Feature",
        "properties": {},
        "geometry": {
            "type": "Polygon",
            "coordinates": [
            [
                [
                6.5703,
                60.1505
                ],
                [
                6.5735,
                60.1505
                ],
                [
                6.5735,
                60.1537
                ],
                [
                6.5703,
                60.1537
                ],
                [
                6.5703,
                60.1505
                ]
            ]
            ]
        }
        }
    ]
    }