{
    "type": "FeatureCollection",
    "features": [
        {
        "type": "Feature",
        "properties": {},
        "geometry": {
            "type": "Polygon",
            "coordinates": [
            [
                [
                10.3781,
                59.3419
                ],
                [
                10.3813,
                59.3419
                ],
                [
                10.3813,
                59.3451
                ],
                [
                10.3781,
                59.3451
                ],
                [
                10.3781,
                59.3419
                ]
            ]
            ]
        }
        }
    ]
    }