{
    "type": "FeatureCollection",
    "features": [
        {
        "type": "Feature",
        "properties": {},
        "geometry": {
            "type": "Polygon",
            "coordinates": [
            [
                [
                10.6643,
                63.3968
                ],
                [
                10.6675,
                63.3968
                ],
                [
                10.6675,
                63.4
                ],
                [
                10.6643,
                63.4
                ],
                [
                10.6643,
                63.3968
                ]
            ]
            ]
        }
        }
    ]
    }