{
    "type": "FeatureCollection",
    "features": [
        {
        "type": "Feature",
        "properties": {},
        "geometry": {
            "type": "Polygon",
            "coordinates": [
            [
                [
                6.9327,
                61.0736
                ],
                [
                6.9358,
                61.0736
                ],
                [
                6.9358,
                61.0768
                ],
                [
                6.9327,
                61.0768
                ],
                [
                6.9327,
                61.0736
                ]
            ]
            ]
        }
        }
    ]
    }