{
    "type": "FeatureCollection",
    "features": [
        {
        "type": "Feature",
        "properties": {},
        "geometry": {
            "type": "Polygon",
            "coordinates": [
            [
                [
                10.3768,
                59.3229
                ],
                [
                10.38,
                59.3229
                ],
                [
                10.38,
                59.3261
                ],
                [
                10.3768,
                59.3261
                ],
                [
                10.3768,
                59.3229
                ]
            ]
            ]
        }
        }
    ]
    }