{
    "type": "FeatureCollection",
    "features": [
        {
        "type": "Feature",
        "properties": {},
        "geometry": {
            "type": "Polygon",
            "coordinates": [
            [
                [
                10.0793,
                59.18
                ],
                [
                10.0825,
                59.18
                ],
                [
                10.0825,
                59.1832
                ],
                [
                10.0793,
                59.1832
                ],
                [
                10.0793,
                59.18
                ]
            ]
            ]
        }
        }
    ]
    }