{
    "type": "FeatureCollection",
    "features": [
        {
        "type": "Feature",
        "properties": {},
        "geometry": {
            "type": "Polygon",
            "coordinates": [
            [
                [
                10.3808,
                59.3534
                ],
                [
                10.384,
                59.3534
                ],
                [
                10.384,
                59.3566
                ],
                [
                10.3808,
                59.3566
                ],
                [
                10.3808,
                59.3534
                ]
            ]
            ]
        }
        }
    ]
    }