{
    "type": "FeatureCollection",
    "features": [
        {
        "type": "Feature",
        "properties": {},
        "geometry": {
            "type": "Polygon",
            "coordinates": [
            [
                [
                10.0575,
                59.1584
                ],
                [
                10.0606,
                59.1584
                ],
                [
                10.0606,
                59.1616
                ],
                [
                10.0575,
                59.1616
                ],
                [
                10.0575,
                59.1584
                ]
            ]
            ]
        }
        }
    ]
    }