{
    "type": "FeatureCollection",
    "features": [
        {
        "type": "Feature",
        "properties": {},
        "geometry": {
            "type": "Polygon",
            "coordinates": [
            [
                [
                17.4601,
                68.4205
                ],
                [
                17.4633,
                68.4205
                ],
                [
                17.4633,
                68.4237
                ],
                [
                17.4601,
                68.4237
                ],
                [
                17.4601,
                68.4205
                ]
            ]
            ]
        }
        }
    ]
    }