{
    "type": "FeatureCollection",
    "features": [
        {
        "type": "Feature",
        "properties": {},
        "geometry": {
            "type": "Polygon",
            "coordinates": [
            [
                [
                10.0834,
                59.1849
                ],
                [
                10.0866,
                59.1849
                ],
                [
                10.0866,
                59.1881
                ],
                [
                10.0834,
                59.1881
                ],
                [
                10.0834,
                59.1849
                ]
            ]
            ]
        }
        }
    ]
    }