{
    "type": "FeatureCollection",
    "features": [
        {
        "type": "Feature",
        "properties": {},
        "geometry": {
            "type": "Polygon",
            "coordinates": [
            [
                [
                10.2426,
                59.4819
                ],
                [
                10.2458,
                59.4819
                ],
                [
                10.2458,
                59.4851
                ],
                [
                10.2426,
                59.4851
                ],
                [
                10.2426,
                59.4819
                ]
            ]
            ]
        }
        }
    ]
    }