{
    "type": "FeatureCollection",
    "features": [
        {
        "type": "Feature",
        "properties": {},
        "geometry": {
            "type": "Polygon",
            "coordinates": [
            [
                [
                10.2353,
                59.2508
                ],
                [
                10.2385,
                59.2508
                ],
                [
                10.2385,
                59.254
                ],
                [
                10.2353,
                59.254
                ],
                [
                10.2353,
                59.2508
                ]
            ]
            ]
        }
        }
    ]
    }