{
    "type": "FeatureCollection",
    "features": [
        {
        "type": "Feature",
        "properties": {},
        "geometry": {
            "type": "Polygon",
            "coordinates": [
            [
                [
                10.0797,
                59.1807
                ],
                [
                10.0829,
                59.1807
                ],
                [
                10.0829,
                59.1839
                ],
                [
                10.0797,
                59.1839
                ],
                [
                10.0797,
                59.1807
                ]
            ]
            ]
        }
        }
    ]
    }