{
    "type": "FeatureCollection",
    "features": [
        {
        "type": "Feature",
        "properties": {},
        "geometry": {
            "type": "Polygon",
            "coordinates": [
            [
                [
                10.0868,
                59.1923
                ],
                [
                10.09,
                59.1923
                ],
                [
                10.09,
                59.1954
                ],
                [
                10.0868,
                59.1954
                ],
                [
                10.0868,
                59.1923
                ]
            ]
            ]
        }
        }
    ]
    }