{
    "type": "FeatureCollection",
    "features": [
        {
        "type": "Feature",
        "properties": {},
        "geometry": {
            "type": "Polygon",
            "coordinates": [
            [
                [
                10.1822,
                59.1912
                ],
                [
                10.1854,
                59.1912
                ],
                [
                10.1854,
                59.1944
                ],
                [
                10.1822,
                59.1944
                ],
                [
                10.1822,
                59.1912
                ]
            ]
            ]
        }
        }
    ]
    }