{
    "type": "FeatureCollection",
    "features": [
        {
        "type": "Feature",
        "properties": {},
        "geometry": {
            "type": "Polygon",
            "coordinates": [
            [
                [
                10.0878,
                59.1928
                ],
                [
                10.091,
                59.1928
                ],
                [
                10.091,
                59.196
                ],
                [
                10.0878,
                59.196
                ],
                [
                10.0878,
                59.1928
                ]
            ]
            ]
        }
        }
    ]
    }