{
    "type": "FeatureCollection",
    "features": [
        {
        "type": "Feature",
        "properties": {},
        "geometry": {
            "type": "Polygon",
            "coordinates": [
            [
                [
                10.1203,
                59.2041
                ],
                [
                10.1235,
                59.2041
                ],
                [
                10.1235,
                59.2072
                ],
                [
                10.1203,
                59.2072
                ],
                [
                10.1203,
                59.2041
                ]
            ]
            ]
        }
        }
    ]
    }