{
    "type": "FeatureCollection",
    "features": [
        {
        "type": "Feature",
        "properties": {},
        "geometry": {
            "type": "Polygon",
            "coordinates": [
            [
                [
                10.1182,
                59.2033
                ],
                [
                10.1214,
                59.2033
                ],
                [
                10.1214,
                59.2065
                ],
                [
                10.1182,
                59.2065
                ],
                [
                10.1182,
                59.2033
                ]
            ]
            ]
        }
        }
    ]
    }