{
    "type": "FeatureCollection",
    "features": [
        {
        "type": "Feature",
        "properties": {},
        "geometry": {
            "type": "Polygon",
            "coordinates": [
            [
                [
                17.4336,
                68.4368
                ],
                [
                17.4368,
                68.4368
                ],
                [
                17.4368,
                68.44
                ],
                [
                17.4336,
                68.44
                ],
                [
                17.4336,
                68.4368
                ]
            ]
            ]
        }
        }
    ]
    }