{
    "type": "FeatureCollection",
    "features": [
        {
        "type": "Feature",
        "properties": {},
        "geometry": {
            "type": "Polygon",
            "coordinates": [
            [
                [
                10.1003,
                59.1981
                ],
                [
                10.1035,
                59.1981
                ],
                [
                10.1035,
                59.2013
                ],
                [
                10.1003,
                59.2013
                ],
                [
                10.1003,
                59.1981
                ]
            ]
            ]
        }
        }
    ]
    }