{
    "type": "FeatureCollection",
    "features": [
        {
        "type": "Feature",
        "properties": {},
        "geometry": {
            "type": "Polygon",
            "coordinates": [
            [
                [
                10.2602,
                59.2473
                ],
                [
                10.2634,
                59.2473
                ],
                [
                10.2634,
                59.2505
                ],
                [
                10.2602,
                59.2505
                ],
                [
                10.2602,
                59.2473
                ]
            ]
            ]
        }
        }
    ]
    }