{
    "type": "FeatureCollection",
    "features": [
        {
        "type": "Feature",
        "properties": {},
        "geometry": {
            "type": "Polygon",
            "coordinates": [
            [
                [
                10.2605,
                59.246
                ],
                [
                10.2637,
                59.246
                ],
                [
                10.2637,
                59.2492
                ],
                [
                10.2605,
                59.2492
                ],
                [
                10.2605,
                59.246
                ]
            ]
            ]
        }
        }
    ]
    }