{
    "type": "FeatureCollection",
    "features": [
        {
        "type": "Feature",
        "properties": {},
        "geometry": {
            "type": "Polygon",
            "coordinates": [
            [
                [
                10.2601,
                59.2478
                ],
                [
                10.2633,
                59.2478
                ],
                [
                10.2633,
                59.251
                ],
                [
                10.2601,
                59.251
                ],
                [
                10.2601,
                59.2478
                ]
            ]
            ]
        }
        }
    ]
    }