{
    "type": "FeatureCollection",
    "features": [
        {
        "type": "Feature",
        "properties": {},
        "geometry": {
            "type": "Polygon",
            "coordinates": [
            [
                [
                17.4799,
                68.4192
                ],
                [
                17.483,
                68.4192
                ],
                [
                17.483,
                68.4224
                ],
                [
                17.4799,
                68.4224
                ],
                [
                17.4799,
                68.4192
                ]
            ]
            ]
        }
        }
    ]
    }