{
    "type": "FeatureCollection",
    "features": [
        {
        "type": "Feature",
        "properties": {},
        "geometry": {
            "type": "Polygon",
            "coordinates": [
            [
                [
                8.3923,
                61.6258
                ],
                [
                8.3955,
                61.6258
                ],
                [
                8.3955,
                61.629
                ],
                [
                8.3923,
                61.629
                ],
                [
                8.3923,
                61.6258
                ]
            ]
            ]
        }
        }
    ]
    }