{
    "type": "FeatureCollection",
    "features": [
        {
        "type": "Feature",
        "properties": {},
        "geometry": {
            "type": "Polygon",
            "coordinates": [
            [
                [
                10.2558,
                59.2512
                ],
                [
                10.259,
                59.2512
                ],
                [
                10.259,
                59.2544
                ],
                [
                10.2558,
                59.2544
                ],
                [
                10.2558,
                59.2512
                ]
            ]
            ]
        }
        }
    ]
    }