{
    "type": "FeatureCollection",
    "features": [
        {
        "type": "Feature",
        "properties": {},
        "geometry": {
            "type": "Polygon",
            "coordinates": [
            [
                [
                11.6227,
                59.8737
                ],
                [
                11.6258,
                59.8737
                ],
                [
                11.6258,
                59.8769
                ],
                [
                11.6227,
                59.8769
                ],
                [
                11.6227,
                59.8737
                ]
            ]
            ]
        }
        }
    ]
    }