{
    "type": "FeatureCollection",
    "features": [
        {
        "type": "Feature",
        "properties": {},
        "geometry": {
            "type": "Polygon",
            "coordinates": [
            [
                [
                8.4937,
                59.4375
                ],
                [
                8.4968,
                59.4375
                ],
                [
                8.4968,
                59.4407
                ],
                [
                8.4937,
                59.4407
                ],
                [
                8.4937,
                59.4375
                ]
            ]
            ]
        }
        }
    ]
    }