{
    "type": "FeatureCollection",
    "features": [
        {
        "type": "Feature",
        "properties": {},
        "geometry": {
            "type": "Polygon",
            "coordinates": [
            [
                [
                10.276,
                59.2641
                ],
                [
                10.2792,
                59.2641
                ],
                [
                10.2792,
                59.2673
                ],
                [
                10.276,
                59.2673
                ],
                [
                10.276,
                59.2641
                ]
            ]
            ]
        }
        }
    ]
    }