{
    "type": "FeatureCollection",
    "features": [
        {
        "type": "Feature",
        "properties": {},
        "geometry": {
            "type": "Polygon",
            "coordinates": [
            [
                [
                9.4487,
                60.8996
                ],
                [
                9.4519,
                60.8996
                ],
                [
                9.4519,
                60.9028
                ],
                [
                9.4487,
                60.9028
                ],
                [
                9.4487,
                60.8996
                ]
            ]
            ]
        }
        }
    ]
    }