{
    "type": "FeatureCollection",
    "features": [
        {
        "type": "Feature",
        "properties": {},
        "geometry": {
            "type": "Polygon",
            "coordinates": [
            [
                [
                10.7253,
                59.5181
                ],
                [
                10.7285,
                59.5181
                ],
                [
                10.7285,
                59.5212
                ],
                [
                10.7253,
                59.5212
                ],
                [
                10.7253,
                59.5181
                ]
            ]
            ]
        }
        }
    ]
    }