{
    "type": "FeatureCollection",
    "features": [
        {
        "type": "Feature",
        "properties": {},
        "geometry": {
            "type": "Polygon",
            "coordinates": [
            [
                [
                6.4931,
                60.4456
                ],
                [
                6.4963,
                60.4456
                ],
                [
                6.4963,
                60.4488
                ],
                [
                6.4931,
                60.4488
                ],
                [
                6.4931,
                60.4456
                ]
            ]
            ]
        }
        }
    ]
    }