{
    "type": "FeatureCollection",
    "features": [
        {
        "type": "Feature",
        "properties": {},
        "geometry": {
            "type": "Polygon",
            "coordinates": [
            [
                [
                6.7122,
                58.6322
                ],
                [
                6.7154,
                58.6322
                ],
                [
                6.7154,
                58.6354
                ],
                [
                6.7122,
                58.6354
                ],
                [
                6.7122,
                58.6322
                ]
            ]
            ]
        }
        }
    ]
    }