{
    "type": "FeatureCollection",
    "features": [
        {
        "type": "Feature",
        "properties": {},
        "geometry": {
            "type": "Polygon",
            "coordinates": [
            [
                [
                6.7799,
                59.8152
                ],
                [
                6.7831,
                59.8152
                ],
                [
                6.7831,
                59.8184
                ],
                [
                6.7799,
                59.8184
                ],
                [
                6.7799,
                59.8152
                ]
            ]
            ]
        }
        }
    ]
    }