{
    "type": "FeatureCollection",
    "features": [
        {
        "type": "Feature",
        "properties": {},
        "geometry": {
            "type": "Polygon",
            "coordinates": [
            [
                [
                6.522,
                61.6357
                ],
                [
                6.5252,
                61.6357
                ],
                [
                6.5252,
                61.6389
                ],
                [
                6.522,
                61.6389
                ],
                [
                6.522,
                61.6357
                ]
            ]
            ]
        }
        }
    ]
    }