{
    "type": "FeatureCollection",
    "features": [
        {
        "type": "Feature",
        "properties": {},
        "geometry": {
            "type": "Polygon",
            "coordinates": [
            [
                [
                5.7309,
                60.674
                ],
                [
                5.7341,
                60.674
                ],
                [
                5.7341,
                60.6771
                ],
                [
                5.7309,
                60.6771
                ],
                [
                5.7309,
                60.674
                ]
            ]
            ]
        }
        }
    ]
    }