{
    "type": "FeatureCollection",
    "features": [
        {
        "type": "Feature",
        "properties": {},
        "geometry": {
            "type": "Polygon",
            "coordinates": [
            [
                [
                7.4808,
                60.826
                ],
                [
                7.484,
                60.826
                ],
                [
                7.484,
                60.8292
                ],
                [
                7.4808,
                60.8292
                ],
                [
                7.4808,
                60.826
                ]
            ]
            ]
        }
        }
    ]
    }