{
    "type": "FeatureCollection",
    "features": [
        {
        "type": "Feature",
        "properties": {},
        "geometry": {
            "type": "Polygon",
            "coordinates": [
            [
                [
                8.5249,
                61.8496
                ],
                [
                8.5281,
                61.8496
                ],
                [
                8.5281,
                61.8528
                ],
                [
                8.5249,
                61.8528
                ],
                [
                8.5249,
                61.8496
                ]
            ]
            ]
        }
        }
    ]
    }