{
    "type": "FeatureCollection",
    "features": [
        {
        "type": "Feature",
        "properties": {},
        "geometry": {
            "type": "Polygon",
            "coordinates": [
            [
                [
                10.4867,
                61.0487
                ],
                [
                10.4899,
                61.0487
                ],
                [
                10.4899,
                61.0519
                ],
                [
                10.4867,
                61.0519
                ],
                [
                10.4867,
                61.0487
                ]
            ]
            ]
        }
        }
    ]
    }