{
    "type": "FeatureCollection",
    "features": [
        {
        "type": "Feature",
        "properties": {},
        "geometry": {
            "type": "Polygon",
            "coordinates": [
            [
                [
                6.8593,
                60.8989
                ],
                [
                6.8625,
                60.8989
                ],
                [
                6.8625,
                60.9021
                ],
                [
                6.8593,
                60.9021
                ],
                [
                6.8593,
                60.8989
                ]
            ]
            ]
        }
        }
    ]
    }