{
    "type": "FeatureCollection",
    "features": [
        {
        "type": "Feature",
        "properties": {},
        "geometry": {
            "type": "Polygon",
            "coordinates": [
            [
                [
                18.797,
                69.6865
                ],
                [
                18.8002,
                69.6865
                ],
                [
                18.8002,
                69.6897
                ],
                [
                18.797,
                69.6897
                ],
                [
                18.797,
                69.6865
                ]
            ]
            ]
        }
        }
    ]
    }