{
    "type": "FeatureCollection",
    "features": [
        {
        "type": "Feature",
        "properties": {},
        "geometry": {
            "type": "Polygon",
            "coordinates": [
            [
                [
                6.4333,
                61.0661
                ],
                [
                6.4364,
                61.0661
                ],
                [
                6.4364,
                61.0693
                ],
                [
                6.4333,
                61.0693
                ],
                [
                6.4333,
                61.0661
                ]
            ]
            ]
        }
        }
    ]
    }