{
    "type": "FeatureCollection",
    "features": [
        {
        "type": "Feature",
        "properties": {},
        "geometry": {
            "type": "Polygon",
            "coordinates": [
            [
                [
                9.5201,
                59.9114
                ],
                [
                9.5233,
                59.9114
                ],
                [
                9.5233,
                59.9146
                ],
                [
                9.5201,
                59.9146
                ],
                [
                9.5201,
                59.9114
                ]
            ]
            ]
        }
        }
    ]
    }