{
    "type": "FeatureCollection",
    "features": [
        {
        "type": "Feature",
        "properties": {},
        "geometry": {
            "type": "Polygon",
            "coordinates": [
            [
                [
                18.3304,
                68.8615
                ],
                [
                18.3336,
                68.8615
                ],
                [
                18.3336,
                68.8647
                ],
                [
                18.3304,
                68.8647
                ],
                [
                18.3304,
                68.8615
                ]
            ]
            ]
        }
        }
    ]
    }