{
    "type": "FeatureCollection",
    "features": [
        {
        "type": "Feature",
        "properties": {},
        "geometry": {
            "type": "Polygon",
            "coordinates": [
            [
                [
                6.5196,
                60.0785
                ],
                [
                6.5228,
                60.0785
                ],
                [
                6.5228,
                60.0817
                ],
                [
                6.5196,
                60.0817
                ],
                [
                6.5196,
                60.0785
                ]
            ]
            ]
        }
        }
    ]
    }