{
    "type": "FeatureCollection",
    "features": [
        {
        "type": "Feature",
        "properties": {},
        "geometry": {
            "type": "Polygon",
            "coordinates": [
            [
                [
                11.209,
                60.3672
                ],
                [
                11.2122,
                60.3672
                ],
                [
                11.2122,
                60.3704
                ],
                [
                11.209,
                60.3704
                ],
                [
                11.209,
                60.3672
                ]
            ]
            ]
        }
        }
    ]
    }