{
    "type": "FeatureCollection",
    "features": [
        {
        "type": "Feature",
        "properties": {},
        "geometry": {
            "type": "Polygon",
            "coordinates": [
            [
                [
                6.4688,
                60.8143
                ],
                [
                6.472,
                60.8143
                ],
                [
                6.472,
                60.8175
                ],
                [
                6.4688,
                60.8175
                ],
                [
                6.4688,
                60.8143
                ]
            ]
            ]
        }
        }
    ]
    }