{
    "type": "FeatureCollection",
    "features": [
        {
        "type": "Feature",
        "properties": {},
        "geometry": {
            "type": "Polygon",
            "coordinates": [
            [
                [
                8.2331,
                61.2288
                ],
                [
                8.2363,
                61.2288
                ],
                [
                8.2363,
                61.232
                ],
                [
                8.2331,
                61.232
                ],
                [
                8.2331,
                61.2288
                ]
            ]
            ]
        }
        }
    ]
    }