{
    "type": "FeatureCollection",
    "features": [
        {
        "type": "Feature",
        "properties": {},
        "geometry": {
            "type": "Polygon",
            "coordinates": [
            [
                [
                18.7853,
                69.6845
                ],
                [
                18.7884,
                69.6845
                ],
                [
                18.7884,
                69.6877
                ],
                [
                18.7853,
                69.6877
                ],
                [
                18.7853,
                69.6845
                ]
            ]
            ]
        }
        }
    ]
    }