{
    "type": "FeatureCollection",
    "features": [
        {
        "type": "Feature",
        "properties": {},
        "geometry": {
            "type": "Polygon",
            "coordinates": [
            [
                [
                8.513,
                60.8604
                ],
                [
                8.5162,
                60.8604
                ],
                [
                8.5162,
                60.8636
                ],
                [
                8.513,
                60.8636
                ],
                [
                8.513,
                60.8604
                ]
            ]
            ]
        }
        }
    ]
    }