{
    "type": "FeatureCollection",
    "features": [
        {
        "type": "Feature",
        "properties": {},
        "geometry": {
            "type": "Polygon",
            "coordinates": [
            [
                [
                10.7901,
                63.4068
                ],
                [
                10.7932,
                63.4068
                ],
                [
                10.7932,
                63.41
                ],
                [
                10.7901,
                63.41
                ],
                [
                10.7901,
                63.4068
                ]
            ]
            ]
        }
        }
    ]
    }