{
    "type": "FeatureCollection",
    "features": [
        {
        "type": "Feature",
        "properties": {},
        "geometry": {
            "type": "Polygon",
            "coordinates": [
            [
                [
                8.5245,
                62.8306
                ],
                [
                8.5277,
                62.8306
                ],
                [
                8.5277,
                62.8338
                ],
                [
                8.5245,
                62.8338
                ],
                [
                8.5245,
                62.8306
                ]
            ]
            ]
        }
        }
    ]
    }