{
    "type": "FeatureCollection",
    "features": [
        {
        "type": "Feature",
        "properties": {},
        "geometry": {
            "type": "Polygon",
            "coordinates": [
            [
                [
                6.4921,
                60.4454
                ],
                [
                6.4953,
                60.4454
                ],
                [
                6.4953,
                60.4486
                ],
                [
                6.4921,
                60.4486
                ],
                [
                6.4921,
                60.4454
                ]
            ]
            ]
        }
        }
    ]
    }