{
    "type": "FeatureCollection",
    "features": [
        {
        "type": "Feature",
        "properties": {},
        "geometry": {
            "type": "Polygon",
            "coordinates": [
            [
                [
                8.0208,
                59.4472
                ],
                [
                8.024,
                59.4472
                ],
                [
                8.024,
                59.4504
                ],
                [
                8.0208,
                59.4504
                ],
                [
                8.0208,
                59.4472
                ]
            ]
            ]
        }
        }
    ]
    }