{
    "type": "FeatureCollection",
    "features": [
        {
        "type": "Feature",
        "properties": {},
        "geometry": {
            "type": "Polygon",
            "coordinates": [
            [
                [
                6.7095,
                58.62
                ],
                [
                6.7127,
                58.62
                ],
                [
                6.7127,
                58.6232
                ],
                [
                6.7095,
                58.6232
                ],
                [
                6.7095,
                58.62
                ]
            ]
            ]
        }
        }
    ]
    }