{
    "type": "FeatureCollection",
    "features": [
        {
        "type": "Feature",
        "properties": {},
        "geometry": {
            "type": "Polygon",
            "coordinates": [
            [
                [
                9.4511,
                58.9523
                ],
                [
                9.4543,
                58.9523
                ],
                [
                9.4543,
                58.9555
                ],
                [
                9.4511,
                58.9555
                ],
                [
                9.4511,
                58.9523
                ]
            ]
            ]
        }
        }
    ]
    }