{
    "type": "FeatureCollection",
    "features": [
        {
        "type": "Feature",
        "properties": {},
        "geometry": {
            "type": "Polygon",
            "coordinates": [
            [
                [
                10.7211,
                59.9094
                ],
                [
                10.7242,
                59.9094
                ],
                [
                10.7242,
                59.9126
                ],
                [
                10.7211,
                59.9126
                ],
                [
                10.7211,
                59.9094
                ]
            ]
            ]
        }
        }
    ]
    }