{
    "type": "FeatureCollection",
    "features": [
        {
        "type": "Feature",
        "properties": {},
        "geometry": {
            "type": "Polygon",
            "coordinates": [
            [
                [
                8.1822,
                62.7985
                ],
                [
                8.1854,
                62.7985
                ],
                [
                8.1854,
                62.8017
                ],
                [
                8.1822,
                62.8017
                ],
                [
                8.1822,
                62.7985
                ]
            ]
            ]
        }
        }
    ]
    }