{
    "type": "FeatureCollection",
    "features": [
        {
        "type": "Feature",
        "properties": {},
        "geometry": {
            "type": "Polygon",
            "coordinates": [
            [
                [
                8.0709,
                62.9715
                ],
                [
                8.0741,
                62.9715
                ],
                [
                8.0741,
                62.9747
                ],
                [
                8.0709,
                62.9747
                ],
                [
                8.0709,
                62.9715
                ]
            ]
            ]
        }
        }
    ]
    }