{
    "type": "FeatureCollection",
    "features": [
        {
        "type": "Feature",
        "properties": {},
        "geometry": {
            "type": "Polygon",
            "coordinates": [
            [
                [
                8.5534,
                59.571
                ],
                [
                8.5566,
                59.571
                ],
                [
                8.5566,
                59.5742
                ],
                [
                8.5534,
                59.5742
                ],
                [
                8.5534,
                59.571
                ]
            ]
            ]
        }
        }
    ]
    }