{
    "type": "FeatureCollection",
    "features": [
        {
        "type": "Feature",
        "properties": {},
        "geometry": {
            "type": "Polygon",
            "coordinates": [
            [
                [
                10.052,
                59.1517
                ],
                [
                10.0552,
                59.1517
                ],
                [
                10.0552,
                59.1548
                ],
                [
                10.052,
                59.1548
                ],
                [
                10.052,
                59.1517
                ]
            ]
            ]
        }
        }
    ]
    }