{
    "type": "FeatureCollection",
    "features": [
        {
        "type": "Feature",
        "properties": {},
        "geometry": {
            "type": "Polygon",
            "coordinates": [
            [
                [
                11.2702,
                64.6369
                ],
                [
                11.2734,
                64.6369
                ],
                [
                11.2734,
                64.6401
                ],
                [
                11.2702,
                64.6401
                ],
                [
                11.2702,
                64.6369
                ]
            ]
            ]
        }
        }
    ]
    }