{
    "type": "FeatureCollection",
    "features": [
        {
        "type": "Feature",
        "properties": {},
        "geometry": {
            "type": "Polygon",
            "coordinates": [
            [
                [
                6.8394,
                60.8799
                ],
                [
                6.8426,
                60.8799
                ],
                [
                6.8426,
                60.8831
                ],
                [
                6.8394,
                60.8831
                ],
                [
                6.8394,
                60.8799
                ]
            ]
            ]
        }
        }
    ]
    }