{
    "type": "FeatureCollection",
    "features": [
        {
        "type": "Feature",
        "properties": {},
        "geometry": {
            "type": "Polygon",
            "coordinates": [
            [
                [
                7.4803,
                60.8262
                ],
                [
                7.4835,
                60.8262
                ],
                [
                7.4835,
                60.8294
                ],
                [
                7.4803,
                60.8294
                ],
                [
                7.4803,
                60.8262
                ]
            ]
            ]
        }
        }
    ]
    }