{
    "type": "FeatureCollection",
    "features": [
        {
        "type": "Feature",
        "properties": {},
        "geometry": {
            "type": "Polygon",
            "coordinates": [
            [
                [
                6.8188,
                60.8637
                ],
                [
                6.822,
                60.8637
                ],
                [
                6.822,
                60.8669
                ],
                [
                6.8188,
                60.8669
                ],
                [
                6.8188,
                60.8637
                ]
            ]
            ]
        }
        }
    ]
    }