{
    "type": "FeatureCollection",
    "features": [
        {
        "type": "Feature",
        "properties": {},
        "geometry": {
            "type": "Polygon",
            "coordinates": [
            [
                [
                6.6989,
                58.2911
                ],
                [
                6.7021,
                58.2911
                ],
                [
                6.7021,
                58.2943
                ],
                [
                6.6989,
                58.2943
                ],
                [
                6.6989,
                58.2911
                ]
            ]
            ]
        }
        }
    ]
    }