{
    "type": "FeatureCollection",
    "features": [
        {
        "type": "Feature",
        "properties": {},
        "geometry": {
            "type": "Polygon",
            "coordinates": [
            [
                [
                6.9956,
                61.8096
                ],
                [
                6.9988,
                61.8096
                ],
                [
                6.9988,
                61.8127
                ],
                [
                6.9956,
                61.8127
                ],
                [
                6.9956,
                61.8096
                ]
            ]
            ]
        }
        }
    ]
    }