{
    "type": "FeatureCollection",
    "features": [
        {
        "type": "Feature",
        "properties": {},
        "geometry": {
            "type": "Polygon",
            "coordinates": [
            [
                [
                6.3396,
                59.845
                ],
                [
                6.3427,
                59.845
                ],
                [
                6.3427,
                59.8482
                ],
                [
                6.3396,
                59.8482
                ],
                [
                6.3396,
                59.845
                ]
            ]
            ]
        }
        }
    ]
    }