{
    "type": "FeatureCollection",
    "features": [
        {
        "type": "Feature",
        "properties": {},
        "geometry": {
            "type": "Polygon",
            "coordinates": [
            [
                [
                9.0066,
                59.7775
                ],
                [
                9.0098,
                59.7775
                ],
                [
                9.0098,
                59.7807
                ],
                [
                9.0066,
                59.7807
                ],
                [
                9.0066,
                59.7775
                ]
            ]
            ]
        }
        }
    ]
    }