{
    "type": "FeatureCollection",
    "features": [
        {
        "type": "Feature",
        "properties": {},
        "geometry": {
            "type": "Polygon",
            "coordinates": [
            [
                [
                8.4439,
                61.7973
                ],
                [
                8.447,
                61.7973
                ],
                [
                8.447,
                61.8004
                ],
                [
                8.4439,
                61.8004
                ],
                [
                8.4439,
                61.7973
                ]
            ]
            ]
        }
        }
    ]
    }