{
    "type": "FeatureCollection",
    "features": [
        {
        "type": "Feature",
        "properties": {},
        "geometry": {
            "type": "Polygon",
            "coordinates": [
            [
                [
                6.5182,
                61.6452
                ],
                [
                6.5214,
                61.6452
                ],
                [
                6.5214,
                61.6484
                ],
                [
                6.5182,
                61.6484
                ],
                [
                6.5182,
                61.6452
                ]
            ]
            ]
        }
        }
    ]
    }