{
    "type": "FeatureCollection",
    "features": [
        {
        "type": "Feature",
        "properties": {},
        "geometry": {
            "type": "Polygon",
            "coordinates": [
            [
                [
                6.4742,
                60.8456
                ],
                [
                6.4774,
                60.8456
                ],
                [
                6.4774,
                60.8488
                ],
                [
                6.4742,
                60.8488
                ],
                [
                6.4742,
                60.8456
                ]
            ]
            ]
        }
        }
    ]
    }