{
    "type": "FeatureCollection",
    "features": [
        {
        "type": "Feature",
        "properties": {},
        "geometry": {
            "type": "Polygon",
            "coordinates": [
            [
                [
                7.0463,
                60.4678
                ],
                [
                7.0495,
                60.4678
                ],
                [
                7.0495,
                60.4709
                ],
                [
                7.0463,
                60.4709
                ],
                [
                7.0463,
                60.4678
                ]
            ]
            ]
        }
        }
    ]
    }