{
    "type": "FeatureCollection",
    "features": [
        {
        "type": "Feature",
        "properties": {},
        "geometry": {
            "type": "Polygon",
            "coordinates": [
            [
                [
                7.0147,
                60.7244
                ],
                [
                7.0179,
                60.7244
                ],
                [
                7.0179,
                60.7275
                ],
                [
                7.0147,
                60.7275
                ],
                [
                7.0147,
                60.7244
                ]
            ]
            ]
        }
        }
    ]
    }