{
    "type": "FeatureCollection",
    "features": [
        {
        "type": "Feature",
        "properties": {},
        "geometry": {
            "type": "Polygon",
            "coordinates": [
            [
                [
                8.2328,
                61.2293
                ],
                [
                8.236,
                61.2293
                ],
                [
                8.236,
                61.2325
                ],
                [
                8.2328,
                61.2325
                ],
                [
                8.2328,
                61.2293
                ]
            ]
            ]
        }
        }
    ]
    }