{
    "type": "FeatureCollection",
    "features": [
        {
        "type": "Feature",
        "properties": {},
        "geometry": {
            "type": "Polygon",
            "coordinates": [
            [
                [
                8.2329,
                61.2291
                ],
                [
                8.236,
                61.2291
                ],
                [
                8.236,
                61.2323
                ],
                [
                8.2329,
                61.2323
                ],
                [
                8.2329,
                61.2291
                ]
            ]
            ]
        }
        }
    ]
    }