{
    "type": "FeatureCollection",
    "features": [
        {
        "type": "Feature",
        "properties": {},
        "geometry": {
            "type": "Polygon",
            "coordinates": [
            [
                [
                7.0462,
                60.468
                ],
                [
                7.0494,
                60.468
                ],
                [
                7.0494,
                60.4712
                ],
                [
                7.0462,
                60.4712
                ],
                [
                7.0462,
                60.468
                ]
            ]
            ]
        }
        }
    ]
    }