{
    "type": "FeatureCollection",
    "features": [
        {
        "type": "Feature",
        "properties": {},
        "geometry": {
            "type": "Polygon",
            "coordinates": [
            [
                [
                6.8791,
                60.4666
                ],
                [
                6.8823,
                60.4666
                ],
                [
                6.8823,
                60.4698
                ],
                [
                6.8791,
                60.4698
                ],
                [
                6.8791,
                60.4666
                ]
            ]
            ]
        }
        }
    ]
    }