{
    "type": "FeatureCollection",
    "features": [
        {
        "type": "Feature",
        "properties": {},
        "geometry": {
            "type": "Polygon",
            "coordinates": [
            [
                [
                7.8202,
                59.5235
                ],
                [
                7.8234,
                59.5235
                ],
                [
                7.8234,
                59.5267
                ],
                [
                7.8202,
                59.5267
                ],
                [
                7.8202,
                59.5235
                ]
            ]
            ]
        }
        }
    ]
    }