{
    "type": "FeatureCollection",
    "features": [
        {
        "type": "Feature",
        "properties": {},
        "geometry": {
            "type": "Polygon",
            "coordinates": [
            [
                [
                7.0865,
                59.8487
                ],
                [
                7.0897,
                59.8487
                ],
                [
                7.0897,
                59.8519
                ],
                [
                7.0865,
                59.8519
                ],
                [
                7.0865,
                59.8487
                ]
            ]
            ]
        }
        }
    ]
    }