{
    "type": "FeatureCollection",
    "features": [
        {
        "type": "Feature",
        "properties": {},
        "geometry": {
            "type": "Polygon",
            "coordinates": [
            [
                [
                7.8096,
                59.5764
                ],
                [
                7.8127,
                59.5764
                ],
                [
                7.8127,
                59.5796
                ],
                [
                7.8096,
                59.5796
                ],
                [
                7.8096,
                59.5764
                ]
            ]
            ]
        }
        }
    ]
    }