{
    "type": "FeatureCollection",
    "features": [
        {
        "type": "Feature",
        "properties": {},
        "geometry": {
            "type": "Polygon",
            "coordinates": [
            [
                [
                14.1986,
                65.9057
                ],
                [
                14.2018,
                65.9057
                ],
                [
                14.2018,
                65.9089
                ],
                [
                14.1986,
                65.9089
                ],
                [
                14.1986,
                65.9057
                ]
            ]
            ]
        }
        }
    ]
    }