{
    "type": "FeatureCollection",
    "features": [
        {
        "type": "Feature",
        "properties": {},
        "geometry": {
            "type": "Polygon",
            "coordinates": [
            [
                [
                6.4336,
                61.0637
                ],
                [
                6.4367,
                61.0637
                ],
                [
                6.4367,
                61.0669
                ],
                [
                6.4336,
                61.0669
                ],
                [
                6.4336,
                61.0637
                ]
            ]
            ]
        }
        }
    ]
    }