{
    "type": "FeatureCollection",
    "features": [
        {
        "type": "Feature",
        "properties": {},
        "geometry": {
            "type": "Polygon",
            "coordinates": [
            [
                [
                8.5206,
                61.8492
                ],
                [
                8.5238,
                61.8492
                ],
                [
                8.5238,
                61.8524
                ],
                [
                8.5206,
                61.8524
                ],
                [
                8.5206,
                61.8492
                ]
            ]
            ]
        }
        }
    ]
    }