{
    "type": "FeatureCollection",
    "features": [
        {
        "type": "Feature",
        "properties": {},
        "geometry": {
            "type": "Polygon",
            "coordinates": [
            [
                [
                6.4333,
                61.0659
                ],
                [
                6.4365,
                61.0659
                ],
                [
                6.4365,
                61.0691
                ],
                [
                6.4333,
                61.0691
                ],
                [
                6.4333,
                61.0659
                ]
            ]
            ]
        }
        }
    ]
    }