{
    "type": "FeatureCollection",
    "features": [
        {
        "type": "Feature",
        "properties": {},
        "geometry": {
            "type": "Polygon",
            "coordinates": [
            [
                [
                7.3936,
                58.464
                ],
                [
                7.3968,
                58.464
                ],
                [
                7.3968,
                58.4672
                ],
                [
                7.3936,
                58.4672
                ],
                [
                7.3936,
                58.464
                ]
            ]
            ]
        }
        }
    ]
    }