{
    "type": "FeatureCollection",
    "features": [
        {
        "type": "Feature",
        "properties": {},
        "geometry": {
            "type": "Polygon",
            "coordinates": [
            [
                [
                6.8565,
                60.8969
                ],
                [
                6.8597,
                60.8969
                ],
                [
                6.8597,
                60.9001
                ],
                [
                6.8565,
                60.9001
                ],
                [
                6.8565,
                60.8969
                ]
            ]
            ]
        }
        }
    ]
    }