{
    "type": "FeatureCollection",
    "features": [
        {
        "type": "Feature",
        "properties": {},
        "geometry": {
            "type": "Polygon",
            "coordinates": [
            [
                [
                17.0985,
                69.354
                ],
                [
                17.1017,
                69.354
                ],
                [
                17.1017,
                69.3572
                ],
                [
                17.0985,
                69.3572
                ],
                [
                17.0985,
                69.354
                ]
            ]
            ]
        }
        }
    ]
    }