{
    "type": "FeatureCollection",
    "features": [
        {
        "type": "Feature",
        "properties": {},
        "geometry": {
            "type": "Polygon",
            "coordinates": [
            [
                [
                11.278,
                64.5337
                ],
                [
                11.2812,
                64.5337
                ],
                [
                11.2812,
                64.5369
                ],
                [
                11.278,
                64.5369
                ],
                [
                11.278,
                64.5337
                ]
            ]
            ]
        }
        }
    ]
    }