{
    "type": "FeatureCollection",
    "features": [
        {
        "type": "Feature",
        "properties": {},
        "geometry": {
            "type": "Polygon",
            "coordinates": [
            [
                [
                8.3826,
                61.7478
                ],
                [
                8.3858,
                61.7478
                ],
                [
                8.3858,
                61.751
                ],
                [
                8.3826,
                61.751
                ],
                [
                8.3826,
                61.7478
                ]
            ]
            ]
        }
        }
    ]
    }