{
    "type": "FeatureCollection",
    "features": [
        {
        "type": "Feature",
        "properties": {},
        "geometry": {
            "type": "Polygon",
            "coordinates": [
            [
                [
                8.8647,
                61.8535
                ],
                [
                8.8678,
                61.8535
                ],
                [
                8.8678,
                61.8567
                ],
                [
                8.8647,
                61.8567
                ],
                [
                8.8647,
                61.8535
                ]
            ]
            ]
        }
        }
    ]
    }