{
    "type": "FeatureCollection",
    "features": [
        {
        "type": "Feature",
        "properties": {},
        "geometry": {
            "type": "Polygon",
            "coordinates": [
            [
                [
                8.5235,
                61.8482
                ],
                [
                8.5267,
                61.8482
                ],
                [
                8.5267,
                61.8514
                ],
                [
                8.5235,
                61.8514
                ],
                [
                8.5235,
                61.8482
                ]
            ]
            ]
        }
        }
    ]
    }