{
    "type": "FeatureCollection",
    "features": [
        {
        "type": "Feature",
        "properties": {},
        "geometry": {
            "type": "Polygon",
            "coordinates": [
            [
                [
                8.8599,
                61.8525
                ],
                [
                8.8631,
                61.8525
                ],
                [
                8.8631,
                61.8557
                ],
                [
                8.8599,
                61.8557
                ],
                [
                8.8599,
                61.8525
                ]
            ]
            ]
        }
        }
    ]
    }