{
    "type": "FeatureCollection",
    "features": [
        {
        "type": "Feature",
        "properties": {},
        "geometry": {
            "type": "Polygon",
            "coordinates": [
            [
                [
                8.6873,
                61.8621
                ],
                [
                8.6905,
                61.8621
                ],
                [
                8.6905,
                61.8653
                ],
                [
                8.6873,
                61.8653
                ],
                [
                8.6873,
                61.8621
                ]
            ]
            ]
        }
        }
    ]
    }