{
    "type": "FeatureCollection",
    "features": [
        {
        "type": "Feature",
        "properties": {},
        "geometry": {
            "type": "Polygon",
            "coordinates": [
            [
                [
                8.791,
                61.8666
                ],
                [
                8.7942,
                61.8666
                ],
                [
                8.7942,
                61.8698
                ],
                [
                8.791,
                61.8698
                ],
                [
                8.791,
                61.8666
                ]
            ]
            ]
        }
        }
    ]
    }