{
    "type": "FeatureCollection",
    "features": [
        {
        "type": "Feature",
        "properties": {},
        "geometry": {
            "type": "Polygon",
            "coordinates": [
            [
                [
                7.549,
                60.8132
                ],
                [
                7.5522,
                60.8132
                ],
                [
                7.5522,
                60.8164
                ],
                [
                7.549,
                60.8164
                ],
                [
                7.549,
                60.8132
                ]
            ]
            ]
        }
        }
    ]
    }