{
    "type": "FeatureCollection",
    "features": [
        {
        "type": "Feature",
        "properties": {},
        "geometry": {
            "type": "Polygon",
            "coordinates": [
            [
                [
                11.163,
                60.5696
                ],
                [
                11.1662,
                60.5696
                ],
                [
                11.1662,
                60.5728
                ],
                [
                11.163,
                60.5728
                ],
                [
                11.163,
                60.5696
                ]
            ]
            ]
        }
        }
    ]
    }