{
    "type": "FeatureCollection",
    "features": [
        {
        "type": "Feature",
        "properties": {},
        "geometry": {
            "type": "Polygon",
            "coordinates": [
            [
                [
                14.558,
                68.2384
                ],
                [
                14.5612,
                68.2384
                ],
                [
                14.5612,
                68.2416
                ],
                [
                14.558,
                68.2416
                ],
                [
                14.558,
                68.2384
                ]
            ]
            ]
        }
        }
    ]
    }