{
    "type": "FeatureCollection",
    "features": [
        {
        "type": "Feature",
        "properties": {},
        "geometry": {
            "type": "Polygon",
            "coordinates": [
            [
                [
                8.0616,
                62.3372
                ],
                [
                8.0648,
                62.3372
                ],
                [
                8.0648,
                62.3404
                ],
                [
                8.0616,
                62.3404
                ],
                [
                8.0616,
                62.3372
                ]
            ]
            ]
        }
        }
    ]
    }