{
    "type": "FeatureCollection",
    "features": [
        {
        "type": "Feature",
        "properties": {},
        "geometry": {
            "type": "Polygon",
            "coordinates": [
            [
                [
                8.9955,
                61.8599
                ],
                [
                8.9987,
                61.8599
                ],
                [
                8.9987,
                61.8631
                ],
                [
                8.9955,
                61.8631
                ],
                [
                8.9955,
                61.8599
                ]
            ]
            ]
        }
        }
    ]
    }