{
    "type": "FeatureCollection",
    "features": [
        {
        "type": "Feature",
        "properties": {},
        "geometry": {
            "type": "Polygon",
            "coordinates": [
            [
                [
                6.995,
                61.8097
                ],
                [
                6.9981,
                61.8097
                ],
                [
                6.9981,
                61.8129
                ],
                [
                6.995,
                61.8129
                ],
                [
                6.995,
                61.8097
                ]
            ]
            ]
        }
        }
    ]
    }