{
    "type": "FeatureCollection",
    "features": [
        {
        "type": "Feature",
        "properties": {},
        "geometry": {
            "type": "Polygon",
            "coordinates": [
            [
                [
                10.1797,
                59.2309
                ],
                [
                10.1829,
                59.2309
                ],
                [
                10.1829,
                59.2341
                ],
                [
                10.1797,
                59.2341
                ],
                [
                10.1797,
                59.2309
                ]
            ]
            ]
        }
        }
    ]
    }