{
    "type": "FeatureCollection",
    "features": [
        {
        "type": "Feature",
        "properties": {},
        "geometry": {
            "type": "Polygon",
            "coordinates": [
            [
                [
                10.1724,
                59.2378
                ],
                [
                10.1756,
                59.2378
                ],
                [
                10.1756,
                59.241
                ],
                [
                10.1724,
                59.241
                ],
                [
                10.1724,
                59.2378
                ]
            ]
            ]
        }
        }
    ]
    }