{
    "type": "FeatureCollection",
    "features": [
        {
        "type": "Feature",
        "properties": {},
        "geometry": {
            "type": "Polygon",
            "coordinates": [
            [
                [
                10.0397,
                59.1566
                ],
                [
                10.0429,
                59.1566
                ],
                [
                10.0429,
                59.1598
                ],
                [
                10.0397,
                59.1598
                ],
                [
                10.0397,
                59.1566
                ]
            ]
            ]
        }
        }
    ]
    }