{
    "type": "FeatureCollection",
    "features": [
        {
        "type": "Feature",
        "properties": {},
        "geometry": {
            "type": "Polygon",
            "coordinates": [
            [
                [
                6.3911,
                60.6547
                ],
                [
                6.3943,
                60.6547
                ],
                [
                6.3943,
                60.6578
                ],
                [
                6.3911,
                60.6578
                ],
                [
                6.3911,
                60.6547
                ]
            ]
            ]
        }
        }
    ]
    }