{
    "type": "FeatureCollection",
    "features": [
        {
        "type": "Feature",
        "properties": {},
        "geometry": {
            "type": "Polygon",
            "coordinates": [
            [
                [
                6.1165,
                62.1865
                ],
                [
                6.1197,
                62.1865
                ],
                [
                6.1197,
                62.1896
                ],
                [
                6.1165,
                62.1896
                ],
                [
                6.1165,
                62.1865
                ]
            ]
            ]
        }
        }
    ]
    }