{
    "type": "FeatureCollection",
    "features": [
        {
        "type": "Feature",
        "properties": {},
        "geometry": {
            "type": "Polygon",
            "coordinates": [
            [
                [
                6.2055,
                62.1739
                ],
                [
                6.2087,
                62.1739
                ],
                [
                6.2087,
                62.1771
                ],
                [
                6.2055,
                62.1771
                ],
                [
                6.2055,
                62.1739
                ]
            ]
            ]
        }
        }
    ]
    }