{
    "type": "FeatureCollection",
    "features": [
        {
        "type": "Feature",
        "properties": {},
        "geometry": {
            "type": "Polygon",
            "coordinates": [
            [
                [
                6.5164,
                61.6527
                ],
                [
                6.5196,
                61.6527
                ],
                [
                6.5196,
                61.6559
                ],
                [
                6.5164,
                61.6559
                ],
                [
                6.5164,
                61.6527
                ]
            ]
            ]
        }
        }
    ]
    }