{
    "type": "FeatureCollection",
    "features": [
        {
        "type": "Feature",
        "properties": {},
        "geometry": {
            "type": "Polygon",
            "coordinates": [
            [
                [
                7.8605,
                58.1775
                ],
                [
                7.8637,
                58.1775
                ],
                [
                7.8637,
                58.1806
                ],
                [
                7.8605,
                58.1806
                ],
                [
                7.8605,
                58.1775
                ]
            ]
            ]
        }
        }
    ]
    }