{
    "type": "FeatureCollection",
    "features": [
        {
        "type": "Feature",
        "properties": {},
        "geometry": {
            "type": "Polygon",
            "coordinates": [
            [
                [
                7.1639,
                62.2876
                ],
                [
                7.1671,
                62.2876
                ],
                [
                7.1671,
                62.2908
                ],
                [
                7.1639,
                62.2908
                ],
                [
                7.1639,
                62.2876
                ]
            ]
            ]
        }
        }
    ]
    }