{
    "type": "FeatureCollection",
    "features": [
        {
        "type": "Feature",
        "properties": {},
        "geometry": {
            "type": "Polygon",
            "coordinates": [
            [
                [
                7.1627,
                62.2881
                ],
                [
                7.1659,
                62.2881
                ],
                [
                7.1659,
                62.2913
                ],
                [
                7.1627,
                62.2913
                ],
                [
                7.1627,
                62.2881
                ]
            ]
            ]
        }
        }
    ]
    }