{
    "type": "FeatureCollection",
    "features": [
        {
        "type": "Feature",
        "properties": {},
        "geometry": {
            "type": "Polygon",
            "coordinates": [
            [
                [
                5.4214,
                62.0239
                ],
                [
                5.4246,
                62.0239
                ],
                [
                5.4246,
                62.0271
                ],
                [
                5.4214,
                62.0271
                ],
                [
                5.4214,
                62.0239
                ]
            ]
            ]
        }
        }
    ]
    }