{
    "type": "FeatureCollection",
    "features": [
        {
        "type": "Feature",
        "properties": {},
        "geometry": {
            "type": "Polygon",
            "coordinates": [
            [
                [
                6.5299,
                61.6107
                ],
                [
                6.5331,
                61.6107
                ],
                [
                6.5331,
                61.6139
                ],
                [
                6.5299,
                61.6139
                ],
                [
                6.5299,
                61.6107
                ]
            ]
            ]
        }
        }
    ]
    }