{
    "type": "FeatureCollection",
    "features": [
        {
        "type": "Feature",
        "properties": {},
        "geometry": {
            "type": "Polygon",
            "coordinates": [
            [
                [
                6.8293,
                61.7629
                ],
                [
                6.8325,
                61.7629
                ],
                [
                6.8325,
                61.7661
                ],
                [
                6.8293,
                61.7661
                ],
                [
                6.8293,
                61.7629
                ]
            ]
            ]
        }
        }
    ]
    }