{
    "type": "FeatureCollection",
    "features": [
        {
        "type": "Feature",
        "properties": {},
        "geometry": {
            "type": "Polygon",
            "coordinates": [
            [
                [
                6.9763,
                61.9502
                ],
                [
                6.9794,
                61.9502
                ],
                [
                6.9794,
                61.9534
                ],
                [
                6.9763,
                61.9534
                ],
                [
                6.9763,
                61.9502
                ]
            ]
            ]
        }
        }
    ]
    }