{
    "type": "FeatureCollection",
    "features": [
        {
        "type": "Feature",
        "properties": {},
        "geometry": {
            "type": "Polygon",
            "coordinates": [
            [
                [
                6.9802,
                61.8207
                ],
                [
                6.9833,
                61.8207
                ],
                [
                6.9833,
                61.8239
                ],
                [
                6.9802,
                61.8239
                ],
                [
                6.9802,
                61.8207
                ]
            ]
            ]
        }
        }
    ]
    }