{
    "type": "FeatureCollection",
    "features": [
        {
        "type": "Feature",
        "properties": {},
        "geometry": {
            "type": "Polygon",
            "coordinates": [
            [
                [
                10.2006,
                59.3026
                ],
                [
                10.2038,
                59.3026
                ],
                [
                10.2038,
                59.3058
                ],
                [
                10.2006,
                59.3058
                ],
                [
                10.2006,
                59.3026
                ]
            ]
            ]
        }
        }
    ]
    }