{
    "type": "FeatureCollection",
    "features": [
        {
        "type": "Feature",
        "properties": {},
        "geometry": {
            "type": "Polygon",
            "coordinates": [
            [
                [
                10.169,
                59.2772
                ],
                [
                10.1722,
                59.2772
                ],
                [
                10.1722,
                59.2803
                ],
                [
                10.169,
                59.2803
                ],
                [
                10.169,
                59.2772
                ]
            ]
            ]
        }
        }
    ]
    }