{
    "type": "FeatureCollection",
    "features": [
        {
        "type": "Feature",
        "properties": {},
        "geometry": {
            "type": "Polygon",
            "coordinates": [
            [
                [
                10.1416,
                59.2951
                ],
                [
                10.1448,
                59.2951
                ],
                [
                10.1448,
                59.2983
                ],
                [
                10.1416,
                59.2983
                ],
                [
                10.1416,
                59.2951
                ]
            ]
            ]
        }
        }
    ]
    }