{
    "type": "FeatureCollection",
    "features": [
        {
        "type": "Feature",
        "properties": {},
        "geometry": {
            "type": "Polygon",
            "coordinates": [
            [
                [
                10.2225,
                59.2525
                ],
                [
                10.2257,
                59.2525
                ],
                [
                10.2257,
                59.2557
                ],
                [
                10.2225,
                59.2557
                ],
                [
                10.2225,
                59.2525
                ]
            ]
            ]
        }
        }
    ]
    }