{
    "type": "FeatureCollection",
    "features": [
        {
        "type": "Feature",
        "properties": {},
        "geometry": {
            "type": "Polygon",
            "coordinates": [
            [
                [
                10.0868,
                59.2793
                ],
                [
                10.0899,
                59.2793
                ],
                [
                10.0899,
                59.2825
                ],
                [
                10.0868,
                59.2825
                ],
                [
                10.0868,
                59.2793
                ]
            ]
            ]
        }
        }
    ]
    }