{
    "type": "FeatureCollection",
    "features": [
        {
        "type": "Feature",
        "properties": {},
        "geometry": {
            "type": "Polygon",
            "coordinates": [
            [
                [
                10.1775,
                59.2489
                ],
                [
                10.1807,
                59.2489
                ],
                [
                10.1807,
                59.2521
                ],
                [
                10.1775,
                59.2521
                ],
                [
                10.1775,
                59.2489
                ]
            ]
            ]
        }
        }
    ]
    }