{
    "type": "FeatureCollection",
    "features": [
        {
        "type": "Feature",
        "properties": {},
        "geometry": {
            "type": "Polygon",
            "coordinates": [
            [
                [
                17.1784,
                69.0648
                ],
                [
                17.1816,
                69.0648
                ],
                [
                17.1816,
                69.0679
                ],
                [
                17.1784,
                69.0679
                ],
                [
                17.1784,
                69.0648
                ]
            ]
            ]
        }
        }
    ]
    }