{
    "type": "FeatureCollection",
    "features": [
        {
        "type": "Feature",
        "properties": {},
        "geometry": {
            "type": "Polygon",
            "coordinates": [
            [
                [
                9.086,
                58.799
                ],
                [
                9.0892,
                58.799
                ],
                [
                9.0892,
                58.8022
                ],
                [
                9.086,
                58.8022
                ],
                [
                9.086,
                58.799
                ]
            ]
            ]
        }
        }
    ]
    }