{
    "type": "FeatureCollection",
    "features": [
        {
        "type": "Feature",
        "properties": {},
        "geometry": {
            "type": "Polygon",
            "coordinates": [
            [
                [
                10.4704,
                59.7
                ],
                [
                10.4736,
                59.7
                ],
                [
                10.4736,
                59.7031
                ],
                [
                10.4704,
                59.7031
                ],
                [
                10.4704,
                59.7
                ]
            ]
            ]
        }
        }
    ]
    }