{
    "type": "FeatureCollection",
    "features": [
        {
        "type": "Feature",
        "properties": {},
        "geometry": {
            "type": "Polygon",
            "coordinates": [
            [
                [
                28.9122,
                70.1452
                ],
                [
                28.9153,
                70.1452
                ],
                [
                28.9153,
                70.1483
                ],
                [
                28.9122,
                70.1483
                ],
                [
                28.9122,
                70.1452
                ]
            ]
            ]
        }
        }
    ]
    }