{
    "type": "FeatureCollection",
    "features": [
        {
        "type": "Feature",
        "properties": {},
        "geometry": {
            "type": "Polygon",
            "coordinates": [
            [
                [
                17.3065,
                69.2972
                ],
                [
                17.3097,
                69.2972
                ],
                [
                17.3097,
                69.3004
                ],
                [
                17.3065,
                69.3004
                ],
                [
                17.3065,
                69.2972
                ]
            ]
            ]
        }
        }
    ]
    }