{
    "type": "FeatureCollection",
    "features": [
        {
        "type": "Feature",
        "properties": {},
        "geometry": {
            "type": "Polygon",
            "coordinates": [
            [
                [
                9.4749,
                63.4797
                ],
                [
                9.4781,
                63.4797
                ],
                [
                9.4781,
                63.4828
                ],
                [
                9.4749,
                63.4828
                ],
                [
                9.4749,
                63.4797
                ]
            ]
            ]
        }
        }
    ]
    }