{
    "type": "FeatureCollection",
    "features": [
        {
        "type": "Feature",
        "properties": {},
        "geometry": {
            "type": "Polygon",
            "coordinates": [
            [
                [
                7.1248,
                61.2164
                ],
                [
                7.128,
                61.2164
                ],
                [
                7.128,
                61.2196
                ],
                [
                7.1248,
                61.2196
                ],
                [
                7.1248,
                61.2164
                ]
            ]
            ]
        }
        }
    ]
    }