{
    "type": "FeatureCollection",
    "features": [
        {
        "type": "Feature",
        "properties": {},
        "geometry": {
            "type": "Polygon",
            "coordinates": [
            [
                [
                18.9466,
                69.6573
                ],
                [
                18.9497,
                69.6573
                ],
                [
                18.9497,
                69.6605
                ],
                [
                18.9466,
                69.6605
                ],
                [
                18.9466,
                69.6573
                ]
            ]
            ]
        }
        }
    ]
    }