{
    "type": "FeatureCollection",
    "features": [
        {
        "type": "Feature",
        "properties": {},
        "geometry": {
            "type": "Polygon",
            "coordinates": [
            [
                [
                7.5643,
                60.8009
                ],
                [
                7.5675,
                60.8009
                ],
                [
                7.5675,
                60.8041
                ],
                [
                7.5643,
                60.8041
                ],
                [
                7.5643,
                60.8009
                ]
            ]
            ]
        }
        }
    ]
    }