{
    "type": "FeatureCollection",
    "features": [
        {
        "type": "Feature",
        "properties": {},
        "geometry": {
            "type": "Polygon",
            "coordinates": [
            [
                [
                7.8204,
                59.5239
                ],
                [
                7.8236,
                59.5239
                ],
                [
                7.8236,
                59.5271
                ],
                [
                7.8204,
                59.5271
                ],
                [
                7.8204,
                59.5239
                ]
            ]
            ]
        }
        }
    ]
    }