{
    "type": "FeatureCollection",
    "features": [
        {
        "type": "Feature",
        "properties": {},
        "geometry": {
            "type": "Polygon",
            "coordinates": [
            [
                [
                7.8692,
                59.7203
                ],
                [
                7.8724,
                59.7203
                ],
                [
                7.8724,
                59.7235
                ],
                [
                7.8692,
                59.7235
                ],
                [
                7.8692,
                59.7203
                ]
            ]
            ]
        }
        }
    ]
    }