{
    "type": "FeatureCollection",
    "features": [
        {
        "type": "Feature",
        "properties": {},
        "geometry": {
            "type": "Polygon",
            "coordinates": [
            [
                [
                8.789,
                63.5692
                ],
                [
                8.7922,
                63.5692
                ],
                [
                8.7922,
                63.5724
                ],
                [
                8.789,
                63.5724
                ],
                [
                8.789,
                63.5692
                ]
            ]
            ]
        }
        }
    ]
    }