{
    "type": "FeatureCollection",
    "features": [
        {
        "type": "Feature",
        "properties": {},
        "geometry": {
            "type": "Polygon",
            "coordinates": [
            [
                [
                7.9476,
                59.4493
                ],
                [
                7.9508,
                59.4493
                ],
                [
                7.9508,
                59.4525
                ],
                [
                7.9476,
                59.4525
                ],
                [
                7.9476,
                59.4493
                ]
            ]
            ]
        }
        }
    ]
    }