{
    "type": "FeatureCollection",
    "features": [
        {
        "type": "Feature",
        "properties": {},
        "geometry": {
            "type": "Polygon",
            "coordinates": [
            [
                [
                8.6905,
                63.6915
                ],
                [
                8.6936,
                63.6915
                ],
                [
                8.6936,
                63.6946
                ],
                [
                8.6905,
                63.6946
                ],
                [
                8.6905,
                63.6915
                ]
            ]
            ]
        }
        }
    ]
    }