{
    "type": "FeatureCollection",
    "features": [
        {
        "type": "Feature",
        "properties": {},
        "geometry": {
            "type": "Polygon",
            "coordinates": [
            [
                [
                9.1562,
                59.7972
                ],
                [
                9.1594,
                59.7972
                ],
                [
                9.1594,
                59.8004
                ],
                [
                9.1562,
                59.8004
                ],
                [
                9.1562,
                59.7972
                ]
            ]
            ]
        }
        }
    ]
    }