{
    "type": "FeatureCollection",
    "features": [
        {
        "type": "Feature",
        "properties": {},
        "geometry": {
            "type": "Polygon",
            "coordinates": [
            [
                [
                5.6276,
                60.4208
                ],
                [
                5.6308,
                60.4208
                ],
                [
                5.6308,
                60.424
                ],
                [
                5.6276,
                60.424
                ],
                [
                5.6276,
                60.4208
                ]
            ]
            ]
        }
        }
    ]
    }