{
    "type": "FeatureCollection",
    "features": [
        {
        "type": "Feature",
        "properties": {},
        "geometry": {
            "type": "Polygon",
            "coordinates": [
            [
                [
                5.8346,
                60.6111
                ],
                [
                5.8377,
                60.6111
                ],
                [
                5.8377,
                60.6143
                ],
                [
                5.8346,
                60.6143
                ],
                [
                5.8346,
                60.6111
                ]
            ]
            ]
        }
        }
    ]
    }