{
    "type": "FeatureCollection",
    "features": [
        {
        "type": "Feature",
        "properties": {},
        "geometry": {
            "type": "Polygon",
            "coordinates": [
            [
                [
                5.4683,
                60.3414
                ],
                [
                5.4715,
                60.3414
                ],
                [
                5.4715,
                60.3446
                ],
                [
                5.4683,
                60.3446
                ],
                [
                5.4683,
                60.3414
                ]
            ]
            ]
        }
        }
    ]
    }