{
    "type": "FeatureCollection",
    "features": [
        {
        "type": "Feature",
        "properties": {},
        "geometry": {
            "type": "Polygon",
            "coordinates": [
            [
                [
                10.2043,
                59.8245
                ],
                [
                10.2075,
                59.8245
                ],
                [
                10.2075,
                59.8277
                ],
                [
                10.2043,
                59.8277
                ],
                [
                10.2043,
                59.8245
                ]
            ]
            ]
        }
        }
    ]
    }