{
    "type": "FeatureCollection",
    "features": [
        {
        "type": "Feature",
        "properties": {},
        "geometry": {
            "type": "Polygon",
            "coordinates": [
            [
                [
                8.0013,
                59.4286
                ],
                [
                8.0045,
                59.4286
                ],
                [
                8.0045,
                59.4318
                ],
                [
                8.0013,
                59.4318
                ],
                [
                8.0013,
                59.4286
                ]
            ]
            ]
        }
        }
    ]
    }