{
    "type": "FeatureCollection",
    "features": [
        {
        "type": "Feature",
        "properties": {},
        "geometry": {
            "type": "Polygon",
            "coordinates": [
            [
                [
                10.3396,
                59.9655
                ],
                [
                10.3428,
                59.9655
                ],
                [
                10.3428,
                59.9687
                ],
                [
                10.3396,
                59.9687
                ],
                [
                10.3396,
                59.9655
                ]
            ]
            ]
        }
        }
    ]
    }