{
    "type": "FeatureCollection",
    "features": [
        {
        "type": "Feature",
        "properties": {},
        "geometry": {
            "type": "Polygon",
            "coordinates": [
            [
                [
                10.278,
                60.003
                ],
                [
                10.2812,
                60.003
                ],
                [
                10.2812,
                60.0061
                ],
                [
                10.278,
                60.0061
                ],
                [
                10.278,
                60.003
                ]
            ]
            ]
        }
        }
    ]
    }