{
    "type": "FeatureCollection",
    "features": [
        {
        "type": "Feature",
        "properties": {},
        "geometry": {
            "type": "Polygon",
            "coordinates": [
            [
                [
                10.3432,
                59.9625
                ],
                [
                10.3463,
                59.9625
                ],
                [
                10.3463,
                59.9656
                ],
                [
                10.3432,
                59.9656
                ],
                [
                10.3432,
                59.9625
                ]
            ]
            ]
        }
        }
    ]
    }