{
    "type": "FeatureCollection",
    "features": [
        {
        "type": "Feature",
        "properties": {},
        "geometry": {
            "type": "Polygon",
            "coordinates": [
            [
                [
                7.3091,
                61.9876
                ],
                [
                7.3122,
                61.9876
                ],
                [
                7.3122,
                61.9908
                ],
                [
                7.3091,
                61.9908
                ],
                [
                7.3091,
                61.9876
                ]
            ]
            ]
        }
        }
    ]
    }