{
    "type": "FeatureCollection",
    "features": [
        {
        "type": "Feature",
        "properties": {},
        "geometry": {
            "type": "Polygon",
            "coordinates": [
            [
                [
                10.0528,
                59.1329
                ],
                [
                10.056,
                59.1329
                ],
                [
                10.056,
                59.136
                ],
                [
                10.0528,
                59.136
                ],
                [
                10.0528,
                59.1329
                ]
            ]
            ]
        }
        }
    ]
    }