{
    "type": "FeatureCollection",
    "features": [
        {
        "type": "Feature",
        "properties": {},
        "geometry": {
            "type": "Polygon",
            "coordinates": [
            [
                [
                23.6893,
                70.6258
                ],
                [
                23.6925,
                70.6258
                ],
                [
                23.6925,
                70.6289
                ],
                [
                23.6893,
                70.6289
                ],
                [
                23.6893,
                70.6258
                ]
            ]
            ]
        }
        }
    ]
    }