{
    "type": "FeatureCollection",
    "features": [
        {
        "type": "Feature",
        "properties": {},
        "geometry": {
            "type": "Polygon",
            "coordinates": [
            [
                [
                12.1615,
                64.4588
                ],
                [
                12.1647,
                64.4588
                ],
                [
                12.1647,
                64.462
                ],
                [
                12.1615,
                64.462
                ],
                [
                12.1615,
                64.4588
                ]
            ]
            ]
        }
        }
    ]
    }