{
    "type": "FeatureCollection",
    "features": [
        {
        "type": "Feature",
        "properties": {},
        "geometry": {
            "type": "Polygon",
            "coordinates": [
            [
                [
                9.7073,
                60.1644
                ],
                [
                9.7105,
                60.1644
                ],
                [
                9.7105,
                60.1675
                ],
                [
                9.7073,
                60.1675
                ],
                [
                9.7073,
                60.1644
                ]
            ]
            ]
        }
        }
    ]
    }