{
    "type": "FeatureCollection",
    "features": [
        {
        "type": "Feature",
        "properties": {},
        "geometry": {
            "type": "Polygon",
            "coordinates": [
            [
                [
                8.7971,
                61.293
                ],
                [
                8.8003,
                61.293
                ],
                [
                8.8003,
                61.2962
                ],
                [
                8.7971,
                61.2962
                ],
                [
                8.7971,
                61.293
                ]
            ]
            ]
        }
        }
    ]
    }