{
    "type": "FeatureCollection",
    "features": [
        {
        "type": "Feature",
        "properties": {},
        "geometry": {
            "type": "Polygon",
            "coordinates": [
            [
                [
                6.5991,
                62.1254
                ],
                [
                6.6023,
                62.1254
                ],
                [
                6.6023,
                62.1285
                ],
                [
                6.5991,
                62.1285
                ],
                [
                6.5991,
                62.1254
                ]
            ]
            ]
        }
        }
    ]
    }