{
    "type": "FeatureCollection",
    "features": [
        {
        "type": "Feature",
        "properties": {},
        "geometry": {
            "type": "Polygon",
            "coordinates": [
            [
                [
                6.891,
                60.4661
                ],
                [
                6.8942,
                60.4661
                ],
                [
                6.8942,
                60.4693
                ],
                [
                6.891,
                60.4693
                ],
                [
                6.891,
                60.4661
                ]
            ]
            ]
        }
        }
    ]
    }