{
    "type": "FeatureCollection",
    "features": [
        {
        "type": "Feature",
        "properties": {},
        "geometry": {
            "type": "Polygon",
            "coordinates": [
            [
                [
                6.6541,
                60.3191
                ],
                [
                6.6573,
                60.3191
                ],
                [
                6.6573,
                60.3223
                ],
                [
                6.6541,
                60.3223
                ],
                [
                6.6541,
                60.3191
                ]
            ]
            ]
        }
        }
    ]
    }