{
    "type": "FeatureCollection",
    "features": [
        {
        "type": "Feature",
        "properties": {},
        "geometry": {
            "type": "Polygon",
            "coordinates": [
            [
                [
                19.016,
                68.9001
                ],
                [
                19.0192,
                68.9001
                ],
                [
                19.0192,
                68.9033
                ],
                [
                19.016,
                68.9033
                ],
                [
                19.016,
                68.9001
                ]
            ]
            ]
        }
        }
    ]
    }