{
    "type": "FeatureCollection",
    "features": [
        {
        "type": "Feature",
        "properties": {},
        "geometry": {
            "type": "Polygon",
            "coordinates": [
            [
                [
                6.3007,
                62.3671
                ],
                [
                6.3039,
                62.3671
                ],
                [
                6.3039,
                62.3703
                ],
                [
                6.3007,
                62.3703
                ],
                [
                6.3007,
                62.3671
                ]
            ]
            ]
        }
        }
    ]
    }