{
    "type": "FeatureCollection",
    "features": [
        {
        "type": "Feature",
        "properties": {},
        "geometry": {
            "type": "Polygon",
            "coordinates": [
            [
                [
                28.9124,
                70.1451
                ],
                [
                28.9156,
                70.1451
                ],
                [
                28.9156,
                70.1483
                ],
                [
                28.9124,
                70.1483
                ],
                [
                28.9124,
                70.1451
                ]
            ]
            ]
        }
        }
    ]
    }