{
    "type": "FeatureCollection",
    "features": [
        {
        "type": "Feature",
        "properties": {},
        "geometry": {
            "type": "Polygon",
            "coordinates": [
            [
                [
                8.9843,
                61.9205
                ],
                [
                8.9874,
                61.9205
                ],
                [
                8.9874,
                61.9237
                ],
                [
                8.9843,
                61.9237
                ],
                [
                8.9843,
                61.9205
                ]
            ]
            ]
        }
        }
    ]
    }