{
    "type": "FeatureCollection",
    "features": [
        {
        "type": "Feature",
        "properties": {},
        "geometry": {
            "type": "Polygon",
            "coordinates": [
            [
                [
                6.4843,
                60.442
                ],
                [
                6.4875,
                60.442
                ],
                [
                6.4875,
                60.4452
                ],
                [
                6.4843,
                60.4452
                ],
                [
                6.4843,
                60.442
                ]
            ]
            ]
        }
        }
    ]
    }