{
    "type": "FeatureCollection",
    "features": [
        {
        "type": "Feature",
        "properties": {},
        "geometry": {
            "type": "Polygon",
            "coordinates": [
            [
                [
                6.0615,
                61.9179
                ],
                [
                6.0647,
                61.9179
                ],
                [
                6.0647,
                61.921
                ],
                [
                6.0615,
                61.921
                ],
                [
                6.0615,
                61.9179
                ]
            ]
            ]
        }
        }
    ]
    }