{
    "type": "FeatureCollection",
    "features": [
        {
        "type": "Feature",
        "properties": {},
        "geometry": {
            "type": "Polygon",
            "coordinates": [
            [
                [
                6.5588,
                58.8627
                ],
                [
                6.562,
                58.8627
                ],
                [
                6.562,
                58.8659
                ],
                [
                6.5588,
                58.8659
                ],
                [
                6.5588,
                58.8627
                ]
            ]
            ]
        }
        }
    ]
    }