{
    "type": "FeatureCollection",
    "features": [
        {
        "type": "Feature",
        "properties": {},
        "geometry": {
            "type": "Polygon",
            "coordinates": [
            [
                [
                8.1253,
                63.0863
                ],
                [
                8.1285,
                63.0863
                ],
                [
                8.1285,
                63.0894
                ],
                [
                8.1253,
                63.0894
                ],
                [
                8.1253,
                63.0863
                ]
            ]
            ]
        }
        }
    ]
    }