{
    "type": "FeatureCollection",
    "features": [
        {
        "type": "Feature",
        "properties": {},
        "geometry": {
            "type": "Polygon",
            "coordinates": [
            [
                [
                10.5096,
                59.7568
                ],
                [
                10.5128,
                59.7568
                ],
                [
                10.5128,
                59.76
                ],
                [
                10.5096,
                59.76
                ],
                [
                10.5096,
                59.7568
                ]
            ]
            ]
        }
        }
    ]
    }