{
    "type": "FeatureCollection",
    "features": [
        {
        "type": "Feature",
        "properties": {},
        "geometry": {
            "type": "Polygon",
            "coordinates": [
            [
                [
                7.69,
                58.0627
                ],
                [
                7.6931,
                58.0627
                ],
                [
                7.6931,
                58.0659
                ],
                [
                7.69,
                58.0659
                ],
                [
                7.69,
                58.0627
                ]
            ]
            ]
        }
        }
    ]
    }