{
    "type": "FeatureCollection",
    "features": [
        {
        "type": "Feature",
        "properties": {},
        "geometry": {
            "type": "Polygon",
            "coordinates": [
            [
                [
                14.2041,
                68.1536
                ],
                [
                14.2073,
                68.1536
                ],
                [
                14.2073,
                68.1568
                ],
                [
                14.2041,
                68.1568
                ],
                [
                14.2041,
                68.1536
                ]
            ]
            ]
        }
        }
    ]
    }