{
    "type": "FeatureCollection",
    "features": [
        {
        "type": "Feature",
        "properties": {},
        "geometry": {
            "type": "Polygon",
            "coordinates": [
            [
                [
                7.6973,
                58.0587
                ],
                [
                7.7004,
                58.0587
                ],
                [
                7.7004,
                58.0619
                ],
                [
                7.6973,
                58.0619
                ],
                [
                7.6973,
                58.0587
                ]
            ]
            ]
        }
        }
    ]
    }