{
    "type": "FeatureCollection",
    "features": [
        {
        "type": "Feature",
        "properties": {},
        "geometry": {
            "type": "Polygon",
            "coordinates": [
            [
                [
                6.8206,
                58.1859
                ],
                [
                6.8238,
                58.1859
                ],
                [
                6.8238,
                58.1891
                ],
                [
                6.8206,
                58.1891
                ],
                [
                6.8206,
                58.1859
                ]
            ]
            ]
        }
        }
    ]
    }