{
    "type": "FeatureCollection",
    "features": [
        {
        "type": "Feature",
        "properties": {},
        "geometry": {
            "type": "Polygon",
            "coordinates": [
            [
                [
                7.0137,
                58.0396
                ],
                [
                7.0169,
                58.0396
                ],
                [
                7.0169,
                58.0428
                ],
                [
                7.0137,
                58.0428
                ],
                [
                7.0137,
                58.0396
                ]
            ]
            ]
        }
        }
    ]
    }