{
    "type": "FeatureCollection",
    "features": [
        {
        "type": "Feature",
        "properties": {},
        "geometry": {
            "type": "Polygon",
            "coordinates": [
            [
                [
                7.2154,
                58.0544
                ],
                [
                7.2186,
                58.0544
                ],
                [
                7.2186,
                58.0576
                ],
                [
                7.2154,
                58.0576
                ],
                [
                7.2154,
                58.0544
                ]
            ]
            ]
        }
        }
    ]
    }