{
    "type": "FeatureCollection",
    "features": [
        {
        "type": "Feature",
        "properties": {},
        "geometry": {
            "type": "Polygon",
            "coordinates": [
            [
                [
                6.9184,
                62.1209
                ],
                [
                6.9216,
                62.1209
                ],
                [
                6.9216,
                62.1241
                ],
                [
                6.9184,
                62.1241
                ],
                [
                6.9184,
                62.1209
                ]
            ]
            ]
        }
        }
    ]
    }