{
    "type": "FeatureCollection",
    "features": [
        {
        "type": "Feature",
        "properties": {},
        "geometry": {
            "type": "Polygon",
            "coordinates": [
            [
                [
                10.296,
                60.0736
                ],
                [
                10.2992,
                60.0736
                ],
                [
                10.2992,
                60.0768
                ],
                [
                10.296,
                60.0768
                ],
                [
                10.296,
                60.0736
                ]
            ]
            ]
        }
        }
    ]
    }