{
    "type": "FeatureCollection",
    "features": [
        {
        "type": "Feature",
        "properties": {},
        "geometry": {
            "type": "Polygon",
            "coordinates": [
            [
                [
                8.5968,
                59.8776
                ],
                [
                8.6,
                59.8776
                ],
                [
                8.6,
                59.8808
                ],
                [
                8.5968,
                59.8808
                ],
                [
                8.5968,
                59.8776
                ]
            ]
            ]
        }
        }
    ]
    }