{
    "type": "FeatureCollection",
    "features": [
        {
        "type": "Feature",
        "properties": {},
        "geometry": {
            "type": "Polygon",
            "coordinates": [
            [
                [
                10.2958,
                59.9912
                ],
                [
                10.299,
                59.9912
                ],
                [
                10.299,
                59.9943
                ],
                [
                10.2958,
                59.9943
                ],
                [
                10.2958,
                59.9912
                ]
            ]
            ]
        }
        }
    ]
    }