{
    "type": "FeatureCollection",
    "features": [
        {
        "type": "Feature",
        "properties": {},
        "geometry": {
            "type": "Polygon",
            "coordinates": [
            [
                [
                8.232,
                61.2286
                ],
                [
                8.2352,
                61.2286
                ],
                [
                8.2352,
                61.2318
                ],
                [
                8.232,
                61.2318
                ],
                [
                8.232,
                61.2286
                ]
            ]
            ]
        }
        }
    ]
    }