{
    "type": "FeatureCollection",
    "features": [
        {
        "type": "Feature",
        "properties": {},
        "geometry": {
            "type": "Polygon",
            "coordinates": [
            [
                [
                19.7154,
                69.4966
                ],
                [
                19.7186,
                69.4966
                ],
                [
                19.7186,
                69.4998
                ],
                [
                19.7154,
                69.4998
                ],
                [
                19.7154,
                69.4966
                ]
            ]
            ]
        }
        }
    ]
    }