{
    "type": "FeatureCollection",
    "features": [
        {
        "type": "Feature",
        "properties": {},
        "geometry": {
            "type": "Polygon",
            "coordinates": [
            [
                [
                6.7329,
                60.5323
                ],
                [
                6.7361,
                60.5323
                ],
                [
                6.7361,
                60.5354
                ],
                [
                6.7329,
                60.5354
                ],
                [
                6.7329,
                60.5323
                ]
            ]
            ]
        }
        }
    ]
    }