{
    "type": "FeatureCollection",
    "features": [
        {
        "type": "Feature",
        "properties": {},
        "geometry": {
            "type": "Polygon",
            "coordinates": [
            [
                [
                6.7331,
                60.5318
                ],
                [
                6.7363,
                60.5318
                ],
                [
                6.7363,
                60.535
                ],
                [
                6.7331,
                60.535
                ],
                [
                6.7331,
                60.5318
                ]
            ]
            ]
        }
        }
    ]
    }