{
    "type": "FeatureCollection",
    "features": [
        {
        "type": "Feature",
        "properties": {},
        "geometry": {
            "type": "Polygon",
            "coordinates": [
            [
                [
                8.8247,
                59.9553
                ],
                [
                8.8278,
                59.9553
                ],
                [
                8.8278,
                59.9585
                ],
                [
                8.8247,
                59.9585
                ],
                [
                8.8247,
                59.9553
                ]
            ]
            ]
        }
        }
    ]
    }