{
    "type": "FeatureCollection",
    "features": [
        {
        "type": "Feature",
        "properties": {},
        "geometry": {
            "type": "Polygon",
            "coordinates": [
            [
                [
                7.4168,
                58.1215
                ],
                [
                7.42,
                58.1215
                ],
                [
                7.42,
                58.1247
                ],
                [
                7.4168,
                58.1247
                ],
                [
                7.4168,
                58.1215
                ]
            ]
            ]
        }
        }
    ]
    }