{
    "type": "FeatureCollection",
    "features": [
        {
        "type": "Feature",
        "properties": {},
        "geometry": {
            "type": "Polygon",
            "coordinates": [
            [
                [
                10.2901,
                63.4512
                ],
                [
                10.2932,
                63.4512
                ],
                [
                10.2932,
                63.4543
                ],
                [
                10.2901,
                63.4543
                ],
                [
                10.2901,
                63.4512
                ]
            ]
            ]
        }
        }
    ]
    }