{
    "type": "FeatureCollection",
    "features": [
        {
        "type": "Feature",
        "properties": {},
        "geometry": {
            "type": "Polygon",
            "coordinates": [
            [
                [
                8.8071,
                59.9363
                ],
                [
                8.8103,
                59.9363
                ],
                [
                8.8103,
                59.9395
                ],
                [
                8.8071,
                59.9395
                ],
                [
                8.8071,
                59.9363
                ]
            ]
            ]
        }
        }
    ]
    }