{
    "type": "FeatureCollection",
    "features": [
        {
        "type": "Feature",
        "properties": {},
        "geometry": {
            "type": "Polygon",
            "coordinates": [
            [
                [
                6.0013,
                62.2709
                ],
                [
                6.0045,
                62.2709
                ],
                [
                6.0045,
                62.274
                ],
                [
                6.0013,
                62.274
                ],
                [
                6.0013,
                62.2709
                ]
            ]
            ]
        }
        }
    ]
    }