{
    "type": "FeatureCollection",
    "features": [
        {
        "type": "Feature",
        "properties": {},
        "geometry": {
            "type": "Polygon",
            "coordinates": [
            [
                [
                14.5651,
                68.2372
                ],
                [
                14.5683,
                68.2372
                ],
                [
                14.5683,
                68.2403
                ],
                [
                14.5651,
                68.2403
                ],
                [
                14.5651,
                68.2372
                ]
            ]
            ]
        }
        }
    ]
    }