{
    "type": "FeatureCollection",
    "features": [
        {
        "type": "Feature",
        "properties": {},
        "geometry": {
            "type": "Polygon",
            "coordinates": [
            [
                [
                14.2034,
                68.154
                ],
                [
                14.2065,
                68.154
                ],
                [
                14.2065,
                68.1571
                ],
                [
                14.2034,
                68.1571
                ],
                [
                14.2034,
                68.154
                ]
            ]
            ]
        }
        }
    ]
    }