{
    "type": "FeatureCollection",
    "features": [
        {
        "type": "Feature",
        "properties": {},
        "geometry": {
            "type": "Polygon",
            "coordinates": [
            [
                [
                8.6924,
                61.1763
                ],
                [
                8.6955,
                61.1763
                ],
                [
                8.6955,
                61.1794
                ],
                [
                8.6924,
                61.1794
                ],
                [
                8.6924,
                61.1763
                ]
            ]
            ]
        }
        }
    ]
    }