{
    "type": "FeatureCollection",
    "features": [
        {
        "type": "Feature",
        "properties": {},
        "geometry": {
            "type": "Polygon",
            "coordinates": [
            [
                [
                8.3466,
                61.2075
                ],
                [
                8.3497,
                61.2075
                ],
                [
                8.3497,
                61.2107
                ],
                [
                8.3466,
                61.2107
                ],
                [
                8.3466,
                61.2075
                ]
            ]
            ]
        }
        }
    ]
    }