{
    "type": "FeatureCollection",
    "features": [
        {
        "type": "Feature",
        "properties": {},
        "geometry": {
            "type": "Polygon",
            "coordinates": [
            [
                [
                7.9797,
                59.52
                ],
                [
                7.9829,
                59.52
                ],
                [
                7.9829,
                59.5232
                ],
                [
                7.9797,
                59.5232
                ],
                [
                7.9797,
                59.52
                ]
            ]
            ]
        }
        }
    ]
    }