{
    "type": "FeatureCollection",
    "features": [
        {
        "type": "Feature",
        "properties": {},
        "geometry": {
            "type": "Polygon",
            "coordinates": [
            [
                [
                7.7837,
                59.7566
                ],
                [
                7.7869,
                59.7566
                ],
                [
                7.7869,
                59.7598
                ],
                [
                7.7837,
                59.7598
                ],
                [
                7.7837,
                59.7566
                ]
            ]
            ]
        }
        }
    ]
    }