{
    "type": "FeatureCollection",
    "features": [
        {
        "type": "Feature",
        "properties": {},
        "geometry": {
            "type": "Polygon",
            "coordinates": [
            [
                [
                6.5399,
                61.0323
                ],
                [
                6.5431,
                61.0323
                ],
                [
                6.5431,
                61.0355
                ],
                [
                6.5399,
                61.0355
                ],
                [
                6.5399,
                61.0323
                ]
            ]
            ]
        }
        }
    ]
    }