{
    "type": "FeatureCollection",
    "features": [
        {
        "type": "Feature",
        "properties": {},
        "geometry": {
            "type": "Polygon",
            "coordinates": [
            [
                [
                10.4675,
                61.0664
                ],
                [
                10.4707,
                61.0664
                ],
                [
                10.4707,
                61.0696
                ],
                [
                10.4675,
                61.0696
                ],
                [
                10.4675,
                61.0664
                ]
            ]
            ]
        }
        }
    ]
    }