{
    "type": "FeatureCollection",
    "features": [
        {
        "type": "Feature",
        "properties": {},
        "geometry": {
            "type": "Polygon",
            "coordinates": [
            [
                [
                5.8906,
                61.1261
                ],
                [
                5.8938,
                61.1261
                ],
                [
                5.8938,
                61.1293
                ],
                [
                5.8906,
                61.1293
                ],
                [
                5.8906,
                61.1261
                ]
            ]
            ]
        }
        }
    ]
    }