{
    "type": "FeatureCollection",
    "features": [
        {
        "type": "Feature",
        "properties": {},
        "geometry": {
            "type": "Polygon",
            "coordinates": [
            [
                [
                5.7593,
                61.3286
                ],
                [
                5.7624,
                61.3286
                ],
                [
                5.7624,
                61.3317
                ],
                [
                5.7593,
                61.3317
                ],
                [
                5.7593,
                61.3286
                ]
            ]
            ]
        }
        }
    ]
    }