{
    "type": "FeatureCollection",
    "features": [
        {
        "type": "Feature",
        "properties": {},
        "geometry": {
            "type": "Polygon",
            "coordinates": [
            [
                [
                8.7363,
                59.43
                ],
                [
                8.7394,
                59.43
                ],
                [
                8.7394,
                59.4331
                ],
                [
                8.7363,
                59.4331
                ],
                [
                8.7363,
                59.43
                ]
            ]
            ]
        }
        }
    ]
    }