{
    "type": "FeatureCollection",
    "features": [
        {
        "type": "Feature",
        "properties": {},
        "geometry": {
            "type": "Polygon",
            "coordinates": [
            [
                [
                9.2421,
                59.5597
                ],
                [
                9.2453,
                59.5597
                ],
                [
                9.2453,
                59.5629
                ],
                [
                9.2421,
                59.5629
                ],
                [
                9.2421,
                59.5597
                ]
            ]
            ]
        }
        }
    ]
    }