{
    "type": "FeatureCollection",
    "features": [
        {
        "type": "Feature",
        "properties": {},
        "geometry": {
            "type": "Polygon",
            "coordinates": [
            [
                [
                9.5113,
                59.1824
                ],
                [
                9.5145,
                59.1824
                ],
                [
                9.5145,
                59.1856
                ],
                [
                9.5113,
                59.1856
                ],
                [
                9.5113,
                59.1824
                ]
            ]
            ]
        }
        }
    ]
    }