{
    "type": "FeatureCollection",
    "features": [
        {
        "type": "Feature",
        "properties": {},
        "geometry": {
            "type": "Polygon",
            "coordinates": [
            [
                [
                10.8439,
                59.7787
                ],
                [
                10.8471,
                59.7787
                ],
                [
                10.8471,
                59.7819
                ],
                [
                10.8439,
                59.7819
                ],
                [
                10.8439,
                59.7787
                ]
            ]
            ]
        }
        }
    ]
    }