{
    "type": "FeatureCollection",
    "features": [
        {
        "type": "Feature",
        "properties": {},
        "geometry": {
            "type": "Polygon",
            "coordinates": [
            [
                [
                18.4971,
                69.6483
                ],
                [
                18.5003,
                69.6483
                ],
                [
                18.5003,
                69.6515
                ],
                [
                18.4971,
                69.6515
                ],
                [
                18.4971,
                69.6483
                ]
            ]
            ]
        }
        }
    ]
    }