{
    "type": "FeatureCollection",
    "features": [
        {
        "type": "Feature",
        "properties": {},
        "geometry": {
            "type": "Polygon",
            "coordinates": [
            [
                [
                9.4061,
                59.2128
                ],
                [
                9.4093,
                59.2128
                ],
                [
                9.4093,
                59.216
                ],
                [
                9.4061,
                59.216
                ],
                [
                9.4061,
                59.2128
                ]
            ]
            ]
        }
        }
    ]
    }