{
    "type": "FeatureCollection",
    "features": [
        {
        "type": "Feature",
        "properties": {},
        "geometry": {
            "type": "Polygon",
            "coordinates": [
            [
                [
                10.6892,
                60.7888
                ],
                [
                10.6924,
                60.7888
                ],
                [
                10.6924,
                60.792
                ],
                [
                10.6892,
                60.792
                ],
                [
                10.6892,
                60.7888
                ]
            ]
            ]
        }
        }
    ]
    }