{
    "type": "FeatureCollection",
    "features": [
        {
        "type": "Feature",
        "properties": {},
        "geometry": {
            "type": "Polygon",
            "coordinates": [
            [
                [
                11.1097,
                60.6201
                ],
                [
                11.1129,
                60.6201
                ],
                [
                11.1129,
                60.6233
                ],
                [
                11.1097,
                60.6233
                ],
                [
                11.1097,
                60.6201
                ]
            ]
            ]
        }
        }
    ]
    }