{
    "type": "FeatureCollection",
    "features": [
        {
        "type": "Feature",
        "properties": {},
        "geometry": {
            "type": "Polygon",
            "coordinates": [
            [
                [
                10.6395,
                60.9447
                ],
                [
                10.6427,
                60.9447
                ],
                [
                10.6427,
                60.9479
                ],
                [
                10.6395,
                60.9479
                ],
                [
                10.6395,
                60.9447
                ]
            ]
            ]
        }
        }
    ]
    }