{
    "type": "FeatureCollection",
    "features": [
        {
        "type": "Feature",
        "properties": {},
        "geometry": {
            "type": "Polygon",
            "coordinates": [
            [
                [
                6.7094,
                58.6189
                ],
                [
                6.7126,
                58.6189
                ],
                [
                6.7126,
                58.6221
                ],
                [
                6.7094,
                58.6221
                ],
                [
                6.7094,
                58.6189
                ]
            ]
            ]
        }
        }
    ]
    }