{
    "type": "FeatureCollection",
    "features": [
        {
        "type": "Feature",
        "properties": {},
        "geometry": {
            "type": "Polygon",
            "coordinates": [
            [
                [
                8.0245,
                59.4466
                ],
                [
                8.0277,
                59.4466
                ],
                [
                8.0277,
                59.4498
                ],
                [
                8.0245,
                59.4498
                ],
                [
                8.0245,
                59.4466
                ]
            ]
            ]
        }
        }
    ]
    }