{
    "type": "FeatureCollection",
    "features": [
        {
        "type": "Feature",
        "properties": {},
        "geometry": {
            "type": "Polygon",
            "coordinates": [
            [
                [
                6.5891,
                61.0892
                ],
                [
                6.5923,
                61.0892
                ],
                [
                6.5923,
                61.0924
                ],
                [
                6.5891,
                61.0924
                ],
                [
                6.5891,
                61.0892
                ]
            ]
            ]
        }
        }
    ]
    }