{
    "type": "FeatureCollection",
    "features": [
        {
        "type": "Feature",
        "properties": {},
        "geometry": {
            "type": "Polygon",
            "coordinates": [
            [
                [
                8.387,
                59.436
                ],
                [
                8.3902,
                59.436
                ],
                [
                8.3902,
                59.4392
                ],
                [
                8.387,
                59.4392
                ],
                [
                8.387,
                59.436
                ]
            ]
            ]
        }
        }
    ]
    }