{
    "type": "FeatureCollection",
    "features": [
        {
        "type": "Feature",
        "properties": {},
        "geometry": {
            "type": "Polygon",
            "coordinates": [
            [
                [
                9.0604,
                59.2453
                ],
                [
                9.0635,
                59.2453
                ],
                [
                9.0635,
                59.2484
                ],
                [
                9.0604,
                59.2484
                ],
                [
                9.0604,
                59.2453
                ]
            ]
            ]
        }
        }
    ]
    }