{
    "type": "FeatureCollection",
    "features": [
        {
        "type": "Feature",
        "properties": {},
        "geometry": {
            "type": "Polygon",
            "coordinates": [
            [
                [
                7.8133,
                61.0567
                ],
                [
                7.8164,
                61.0567
                ],
                [
                7.8164,
                61.0599
                ],
                [
                7.8133,
                61.0599
                ],
                [
                7.8133,
                61.0567
                ]
            ]
            ]
        }
        }
    ]
    }