{
    "type": "FeatureCollection",
    "features": [
        {
        "type": "Feature",
        "properties": {},
        "geometry": {
            "type": "Polygon",
            "coordinates": [
            [
                [
                7.6393,
                60.7045
                ],
                [
                7.6425,
                60.7045
                ],
                [
                7.6425,
                60.7077
                ],
                [
                7.6393,
                60.7077
                ],
                [
                7.6393,
                60.7045
                ]
            ]
            ]
        }
        }
    ]
    }