{
    "type": "FeatureCollection",
    "features": [
        {
        "type": "Feature",
        "properties": {},
        "geometry": {
            "type": "Polygon",
            "coordinates": [
            [
                [
                28.0684,
                70.7972
                ],
                [
                28.0716,
                70.7972
                ],
                [
                28.0716,
                70.8004
                ],
                [
                28.0684,
                70.8004
                ],
                [
                28.0684,
                70.7972
                ]
            ]
            ]
        }
        }
    ]
    }