{
    "type": "FeatureCollection",
    "features": [
        {
        "type": "Feature",
        "properties": {},
        "geometry": {
            "type": "Polygon",
            "coordinates": [
            [
                [
                9.467,
                63.4771
                ],
                [
                9.4701,
                63.4771
                ],
                [
                9.4701,
                63.4803
                ],
                [
                9.467,
                63.4803
                ],
                [
                9.467,
                63.4771
                ]
            ]
            ]
        }
        }
    ]
    }