{
    "type": "FeatureCollection",
    "features": [
        {
        "type": "Feature",
        "properties": {},
        "geometry": {
            "type": "Polygon",
            "coordinates": [
            [
                [
                11.1662,
                59.6301
                ],
                [
                11.1694,
                59.6301
                ],
                [
                11.1694,
                59.6333
                ],
                [
                11.1662,
                59.6333
                ],
                [
                11.1662,
                59.6301
                ]
            ]
            ]
        }
        }
    ]
    }