{
    "type": "FeatureCollection",
    "features": [
        {
        "type": "Feature",
        "properties": {},
        "geometry": {
            "type": "Polygon",
            "coordinates": [
            [
                [
                8.8684,
                63.3522
                ],
                [
                8.8715,
                63.3522
                ],
                [
                8.8715,
                63.3554
                ],
                [
                8.8684,
                63.3554
                ],
                [
                8.8684,
                63.3522
                ]
            ]
            ]
        }
        }
    ]
    }