{
    "type": "FeatureCollection",
    "features": [
        {
        "type": "Feature",
        "properties": {},
        "geometry": {
            "type": "Polygon",
            "coordinates": [
            [
                [
                9.0479,
                61.8633
                ],
                [
                9.051,
                61.8633
                ],
                [
                9.051,
                61.8665
                ],
                [
                9.0479,
                61.8665
                ],
                [
                9.0479,
                61.8633
                ]
            ]
            ]
        }
        }
    ]
    }