{
    "type": "FeatureCollection",
    "features": [
        {
        "type": "Feature",
        "properties": {},
        "geometry": {
            "type": "Polygon",
            "coordinates": [
            [
                [
                6.0971,
                61.9288
                ],
                [
                6.1003,
                61.9288
                ],
                [
                6.1003,
                61.932
                ],
                [
                6.0971,
                61.932
                ],
                [
                6.0971,
                61.9288
                ]
            ]
            ]
        }
        }
    ]
    }