{
    "type": "FeatureCollection",
    "features": [
        {
        "type": "Feature",
        "properties": {},
        "geometry": {
            "type": "Polygon",
            "coordinates": [
            [
                [
                5.7712,
                61.8716
                ],
                [
                5.7744,
                61.8716
                ],
                [
                5.7744,
                61.8747
                ],
                [
                5.7712,
                61.8747
                ],
                [
                5.7712,
                61.8716
                ]
            ]
            ]
        }
        }
    ]
    }