{
    "type": "FeatureCollection",
    "features": [
        {
        "type": "Feature",
        "properties": {},
        "geometry": {
            "type": "Polygon",
            "coordinates": [
            [
                [
                6.1033,
                61.9278
                ],
                [
                6.1065,
                61.9278
                ],
                [
                6.1065,
                61.931
                ],
                [
                6.1033,
                61.931
                ],
                [
                6.1033,
                61.9278
                ]
            ]
            ]
        }
        }
    ]
    }