{
    "type": "FeatureCollection",
    "features": [
        {
        "type": "Feature",
        "properties": {},
        "geometry": {
            "type": "Polygon",
            "coordinates": [
            [
                [
                5.4591,
                62.01
                ],
                [
                5.4623,
                62.01
                ],
                [
                5.4623,
                62.0132
                ],
                [
                5.4591,
                62.0132
                ],
                [
                5.4591,
                62.01
                ]
            ]
            ]
        }
        }
    ]
    }