{
    "type": "FeatureCollection",
    "features": [
        {
        "type": "Feature",
        "properties": {},
        "geometry": {
            "type": "Polygon",
            "coordinates": [
            [
                [
                9.2328,
                61.8477
                ],
                [
                9.236,
                61.8477
                ],
                [
                9.236,
                61.8509
                ],
                [
                9.2328,
                61.8509
                ],
                [
                9.2328,
                61.8477
                ]
            ]
            ]
        }
        }
    ]
    }