{
    "type": "FeatureCollection",
    "features": [
        {
        "type": "Feature",
        "properties": {},
        "geometry": {
            "type": "Polygon",
            "coordinates": [
            [
                [
                9.2287,
                61.8485
                ],
                [
                9.2319,
                61.8485
                ],
                [
                9.2319,
                61.8517
                ],
                [
                9.2287,
                61.8517
                ],
                [
                9.2287,
                61.8485
                ]
            ]
            ]
        }
        }
    ]
    }