{
    "type": "FeatureCollection",
    "features": [
        {
        "type": "Feature",
        "properties": {},
        "geometry": {
            "type": "Polygon",
            "coordinates": [
            [
                [
                7.1845,
                58.1255
                ],
                [
                7.1877,
                58.1255
                ],
                [
                7.1877,
                58.1286
                ],
                [
                7.1845,
                58.1286
                ],
                [
                7.1845,
                58.1255
                ]
            ]
            ]
        }
        }
    ]
    }