{
    "type": "FeatureCollection",
    "features": [
        {
        "type": "Feature",
        "properties": {},
        "geometry": {
            "type": "Polygon",
            "coordinates": [
            [
                [
                5.878,
                61.8988
                ],
                [
                5.8812,
                61.8988
                ],
                [
                5.8812,
                61.902
                ],
                [
                5.878,
                61.902
                ],
                [
                5.878,
                61.8988
                ]
            ]
            ]
        }
        }
    ]
    }