{
    "type": "FeatureCollection",
    "features": [
        {
        "type": "Feature",
        "properties": {},
        "geometry": {
            "type": "Polygon",
            "coordinates": [
            [
                [
                8.4904,
                59.8736
                ],
                [
                8.4936,
                59.8736
                ],
                [
                8.4936,
                59.8767
                ],
                [
                8.4904,
                59.8767
                ],
                [
                8.4904,
                59.8736
                ]
            ]
            ]
        }
        }
    ]
    }