{
    "type": "FeatureCollection",
    "features": [
        {
        "type": "Feature",
        "properties": {},
        "geometry": {
            "type": "Polygon",
            "coordinates": [
            [
                [
                5.7418,
                61.8938
                ],
                [
                5.745,
                61.8938
                ],
                [
                5.745,
                61.897
                ],
                [
                5.7418,
                61.897
                ],
                [
                5.7418,
                61.8938
                ]
            ]
            ]
        }
        }
    ]
    }