{
    "type": "FeatureCollection",
    "features": [
        {
        "type": "Feature",
        "properties": {},
        "geometry": {
            "type": "Polygon",
            "coordinates": [
            [
                [
                14.4842,
                68.2117
                ],
                [
                14.4874,
                68.2117
                ],
                [
                14.4874,
                68.2148
                ],
                [
                14.4842,
                68.2148
                ],
                [
                14.4842,
                68.2117
                ]
            ]
            ]
        }
        }
    ]
    }