{
    "type": "FeatureCollection",
    "features": [
        {
        "type": "Feature",
        "properties": {},
        "geometry": {
            "type": "Polygon",
            "coordinates": [
            [
                [
                6.7284,
                62.1688
                ],
                [
                6.7316,
                62.1688
                ],
                [
                6.7316,
                62.172
                ],
                [
                6.7284,
                62.172
                ],
                [
                6.7284,
                62.1688
                ]
            ]
            ]
        }
        }
    ]
    }