{
    "type": "FeatureCollection",
    "features": [
        {
        "type": "Feature",
        "properties": {},
        "geometry": {
            "type": "Polygon",
            "coordinates": [
            [
                [
                10.2536,
                59.5371
                ],
                [
                10.2568,
                59.5371
                ],
                [
                10.2568,
                59.5403
                ],
                [
                10.2536,
                59.5403
                ],
                [
                10.2536,
                59.5371
                ]
            ]
            ]
        }
        }
    ]
    }