{
    "type": "FeatureCollection",
    "features": [
        {
        "type": "Feature",
        "properties": {},
        "geometry": {
            "type": "Polygon",
            "coordinates": [
            [
                [
                8.4537,
                59.442
                ],
                [
                8.4568,
                59.442
                ],
                [
                8.4568,
                59.4452
                ],
                [
                8.4537,
                59.4452
                ],
                [
                8.4537,
                59.442
                ]
            ]
            ]
        }
        }
    ]
    }