{
    "type": "FeatureCollection",
    "features": [
        {
        "type": "Feature",
        "properties": {},
        "geometry": {
            "type": "Polygon",
            "coordinates": [
            [
                [
                11.1588,
                60.5746
                ],
                [
                11.162,
                60.5746
                ],
                [
                11.162,
                60.5778
                ],
                [
                11.1588,
                60.5778
                ],
                [
                11.1588,
                60.5746
                ]
            ]
            ]
        }
        }
    ]
    }