{
    "type": "FeatureCollection",
    "features": [
        {
        "type": "Feature",
        "properties": {},
        "geometry": {
            "type": "Polygon",
            "coordinates": [
            [
                [
                10.048,
                63.2836
                ],
                [
                10.0512,
                63.2836
                ],
                [
                10.0512,
                63.2868
                ],
                [
                10.048,
                63.2868
                ],
                [
                10.048,
                63.2836
                ]
            ]
            ]
        }
        }
    ]
    }