{
    "type": "FeatureCollection",
    "features": [
        {
        "type": "Feature",
        "properties": {},
        "geometry": {
            "type": "Polygon",
            "coordinates": [
            [
                [
                8.0484,
                62.9781
                ],
                [
                8.0516,
                62.9781
                ],
                [
                8.0516,
                62.9813
                ],
                [
                8.0484,
                62.9813
                ],
                [
                8.0484,
                62.9781
                ]
            ]
            ]
        }
        }
    ]
    }