{
    "type": "FeatureCollection",
    "features": [
        {
        "type": "Feature",
        "properties": {},
        "geometry": {
            "type": "Polygon",
            "coordinates": [
            [
                [
                9.788,
                62.9748
                ],
                [
                9.7912,
                62.9748
                ],
                [
                9.7912,
                62.978
                ],
                [
                9.788,
                62.978
                ],
                [
                9.788,
                62.9748
                ]
            ]
            ]
        }
        }
    ]
    }