{
    "type": "FeatureCollection",
    "features": [
        {
        "type": "Feature",
        "properties": {},
        "geometry": {
            "type": "Polygon",
            "coordinates": [
            [
                [
                11.2247,
                61.5665
                ],
                [
                11.2279,
                61.5665
                ],
                [
                11.2279,
                61.5697
                ],
                [
                11.2247,
                61.5697
                ],
                [
                11.2247,
                61.5665
                ]
            ]
            ]
        }
        }
    ]
    }