{
    "type": "FeatureCollection",
    "features": [
        {
        "type": "Feature",
        "properties": {},
        "geometry": {
            "type": "Polygon",
            "coordinates": [
            [
                [
                8.2407,
                62.7823
                ],
                [
                8.2439,
                62.7823
                ],
                [
                8.2439,
                62.7855
                ],
                [
                8.2407,
                62.7855
                ],
                [
                8.2407,
                62.7823
                ]
            ]
            ]
        }
        }
    ]
    }