{
    "type": "FeatureCollection",
    "features": [
        {
        "type": "Feature",
        "properties": {},
        "geometry": {
            "type": "Polygon",
            "coordinates": [
            [
                [
                14.9999,
                67.3082
                ],
                [
                15.0031,
                67.3082
                ],
                [
                15.0031,
                67.3113
                ],
                [
                14.9999,
                67.3113
                ],
                [
                14.9999,
                67.3082
                ]
            ]
            ]
        }
        }
    ]
    }