{
    "type": "FeatureCollection",
    "features": [
        {
        "type": "Feature",
        "properties": {},
        "geometry": {
            "type": "Polygon",
            "coordinates": [
            [
                [
                10.9382,
                63.2061
                ],
                [
                10.9414,
                63.2061
                ],
                [
                10.9414,
                63.2093
                ],
                [
                10.9382,
                63.2093
                ],
                [
                10.9382,
                63.2061
                ]
            ]
            ]
        }
        }
    ]
    }