{
    "type": "FeatureCollection",
    "features": [
        {
        "type": "Feature",
        "properties": {},
        "geometry": {
            "type": "Polygon",
            "coordinates": [
            [
                [
                8.9901,
                61.0789
                ],
                [
                8.9933,
                61.0789
                ],
                [
                8.9933,
                61.0821
                ],
                [
                8.9901,
                61.0821
                ],
                [
                8.9901,
                61.0789
                ]
            ]
            ]
        }
        }
    ]
    }