{
    "type": "FeatureCollection",
    "features": [
        {
        "type": "Feature",
        "properties": {},
        "geometry": {
            "type": "Polygon",
            "coordinates": [
            [
                [
                6.9948,
                61.8098
                ],
                [
                6.998,
                61.8098
                ],
                [
                6.998,
                61.813
                ],
                [
                6.9948,
                61.813
                ],
                [
                6.9948,
                61.8098
                ]
            ]
            ]
        }
        }
    ]
    }