{
    "type": "FeatureCollection",
    "features": [
        {
        "type": "Feature",
        "properties": {},
        "geometry": {
            "type": "Polygon",
            "coordinates": [
            [
                [
                7.7346,
                60.7243
                ],
                [
                7.7378,
                60.7243
                ],
                [
                7.7378,
                60.7274
                ],
                [
                7.7346,
                60.7274
                ],
                [
                7.7346,
                60.7243
                ]
            ]
            ]
        }
        }
    ]
    }