{
    "type": "FeatureCollection",
    "features": [
        {
        "type": "Feature",
        "properties": {},
        "geometry": {
            "type": "Polygon",
            "coordinates": [
            [
                [
                6.6066,
                60.3191
                ],
                [
                6.6098,
                60.3191
                ],
                [
                6.6098,
                60.3222
                ],
                [
                6.6066,
                60.3222
                ],
                [
                6.6066,
                60.3191
                ]
            ]
            ]
        }
        }
    ]
    }