{
    "type": "FeatureCollection",
    "features": [
        {
        "type": "Feature",
        "properties": {},
        "geometry": {
            "type": "Polygon",
            "coordinates": [
            [
                [
                10.482,
                59.7703
                ],
                [
                10.4852,
                59.7703
                ],
                [
                10.4852,
                59.7735
                ],
                [
                10.482,
                59.7735
                ],
                [
                10.482,
                59.7703
                ]
            ]
            ]
        }
        }
    ]
    }