{
    "type": "FeatureCollection",
    "features": [
        {
        "type": "Feature",
        "properties": {},
        "geometry": {
            "type": "Polygon",
            "coordinates": [
            [
                [
                10.0631,
                63.2453
                ],
                [
                10.0663,
                63.2453
                ],
                [
                10.0663,
                63.2485
                ],
                [
                10.0631,
                63.2485
                ],
                [
                10.0631,
                63.2453
                ]
            ]
            ]
        }
        }
    ]
    }