{
    "type": "FeatureCollection",
    "features": [
        {
        "type": "Feature",
        "properties": {},
        "geometry": {
            "type": "Polygon",
            "coordinates": [
            [
                [
                8.4902,
                59.8735
                ],
                [
                8.4934,
                59.8735
                ],
                [
                8.4934,
                59.8767
                ],
                [
                8.4902,
                59.8767
                ],
                [
                8.4902,
                59.8735
                ]
            ]
            ]
        }
        }
    ]
    }