{
    "type": "FeatureCollection",
    "features": [
        {
        "type": "Feature",
        "properties": {},
        "geometry": {
            "type": "Polygon",
            "coordinates": [
            [
                [
                6.1678,
                62.1835
                ],
                [
                6.171,
                62.1835
                ],
                [
                6.171,
                62.1866
                ],
                [
                6.1678,
                62.1866
                ],
                [
                6.1678,
                62.1835
                ]
            ]
            ]
        }
        }
    ]
    }