{
    "type": "FeatureCollection",
    "features": [
        {
        "type": "Feature",
        "properties": {},
        "geometry": {
            "type": "Polygon",
            "coordinates": [
            [
                [
                8.4828,
                59.8722
                ],
                [
                8.486,
                59.8722
                ],
                [
                8.486,
                59.8754
                ],
                [
                8.4828,
                59.8754
                ],
                [
                8.4828,
                59.8722
                ]
            ]
            ]
        }
        }
    ]
    }