{
    "type": "FeatureCollection",
    "features": [
        {
        "type": "Feature",
        "properties": {},
        "geometry": {
            "type": "Polygon",
            "coordinates": [
            [
                [
                6.1259,
                61.8148
                ],
                [
                6.1291,
                61.8148
                ],
                [
                6.1291,
                61.818
                ],
                [
                6.1259,
                61.818
                ],
                [
                6.1259,
                61.8148
                ]
            ]
            ]
        }
        }
    ]
    }