{
    "type": "FeatureCollection",
    "features": [
        {
        "type": "Feature",
        "properties": {},
        "geometry": {
            "type": "Polygon",
            "coordinates": [
            [
                [
                11.9016,
                63.7001
                ],
                [
                11.9047,
                63.7001
                ],
                [
                11.9047,
                63.7033
                ],
                [
                11.9016,
                63.7033
                ],
                [
                11.9016,
                63.7001
                ]
            ]
            ]
        }
        }
    ]
    }