{
    "type": "FeatureCollection",
    "features": [
        {
        "type": "Feature",
        "properties": {},
        "geometry": {
            "type": "Polygon",
            "coordinates": [
            [
                [
                7.9759,
                59.5104
                ],
                [
                7.979,
                59.5104
                ],
                [
                7.979,
                59.5136
                ],
                [
                7.9759,
                59.5136
                ],
                [
                7.9759,
                59.5104
                ]
            ]
            ]
        }
        }
    ]
    }