{
    "type": "FeatureCollection",
    "features": [
        {
        "type": "Feature",
        "properties": {},
        "geometry": {
            "type": "Polygon",
            "coordinates": [
            [
                [
                8.0239,
                59.4467
                ],
                [
                8.027,
                59.4467
                ],
                [
                8.027,
                59.4499
                ],
                [
                8.0239,
                59.4499
                ],
                [
                8.0239,
                59.4467
                ]
            ]
            ]
        }
        }
    ]
    }