{
    "type": "FeatureCollection",
    "features": [
        {
        "type": "Feature",
        "properties": {},
        "geometry": {
            "type": "Polygon",
            "coordinates": [
            [
                [
                6.5824,
                59.9454
                ],
                [
                6.5856,
                59.9454
                ],
                [
                6.5856,
                59.9486
                ],
                [
                6.5824,
                59.9486
                ],
                [
                6.5824,
                59.9454
                ]
            ]
            ]
        }
        }
    ]
    }