{
    "type": "FeatureCollection",
    "features": [
        {
        "type": "Feature",
        "properties": {},
        "geometry": {
            "type": "Polygon",
            "coordinates": [
            [
                [
                23.6649,
                70.651
                ],
                [
                23.6681,
                70.651
                ],
                [
                23.6681,
                70.6542
                ],
                [
                23.6649,
                70.6542
                ],
                [
                23.6649,
                70.651
                ]
            ]
            ]
        }
        }
    ]
    }