{
    "type": "FeatureCollection",
    "features": [
        {
        "type": "Feature",
        "properties": {},
        "geometry": {
            "type": "Polygon",
            "coordinates": [
            [
                [
                7.2821,
                61.5847
                ],
                [
                7.2853,
                61.5847
                ],
                [
                7.2853,
                61.5879
                ],
                [
                7.2821,
                61.5879
                ],
                [
                7.2821,
                61.5847
                ]
            ]
            ]
        }
        }
    ]
    }