{
    "type": "FeatureCollection",
    "features": [
        {
        "type": "Feature",
        "properties": {},
        "geometry": {
            "type": "Polygon",
            "coordinates": [
            [
                [
                6.1626,
                62.412
                ],
                [
                6.1657,
                62.412
                ],
                [
                6.1657,
                62.4152
                ],
                [
                6.1626,
                62.4152
                ],
                [
                6.1626,
                62.412
                ]
            ]
            ]
        }
        }
    ]
    }