{
    "type": "FeatureCollection",
    "features": [
        {
        "type": "Feature",
        "properties": {},
        "geometry": {
            "type": "Polygon",
            "coordinates": [
            [
                [
                8.2018,
                61.2524
                ],
                [
                8.2049,
                61.2524
                ],
                [
                8.2049,
                61.2555
                ],
                [
                8.2018,
                61.2555
                ],
                [
                8.2018,
                61.2524
                ]
            ]
            ]
        }
        }
    ]
    }