{
    "type": "FeatureCollection",
    "features": [
        {
        "type": "Feature",
        "properties": {},
        "geometry": {
            "type": "Polygon",
            "coordinates": [
            [
                [
                6.4618,
                59.6508
                ],
                [
                6.465,
                59.6508
                ],
                [
                6.465,
                59.6539
                ],
                [
                6.4618,
                59.6539
                ],
                [
                6.4618,
                59.6508
                ]
            ]
            ]
        }
        }
    ]
    }