{
    "type": "FeatureCollection",
    "features": [
        {
        "type": "Feature",
        "properties": {},
        "geometry": {
            "type": "Polygon",
            "coordinates": [
            [
                [
                11.211,
                62.8595
                ],
                [
                11.2142,
                62.8595
                ],
                [
                11.2142,
                62.8626
                ],
                [
                11.211,
                62.8626
                ],
                [
                11.211,
                62.8595
                ]
            ]
            ]
        }
        }
    ]
    }