{
    "type": "FeatureCollection",
    "features": [
        {
        "type": "Feature",
        "properties": {},
        "geometry": {
            "type": "Polygon",
            "coordinates": [
            [
                [
                8.1355,
                61.2731
                ],
                [
                8.1387,
                61.2731
                ],
                [
                8.1387,
                61.2763
                ],
                [
                8.1355,
                61.2763
                ],
                [
                8.1355,
                61.2731
                ]
            ]
            ]
        }
        }
    ]
    }