{
    "type": "FeatureCollection",
    "features": [
        {
        "type": "Feature",
        "properties": {},
        "geometry": {
            "type": "Polygon",
            "coordinates": [
            [
                [
                8.6877,
                59.8802
                ],
                [
                8.6909,
                59.8802
                ],
                [
                8.6909,
                59.8834
                ],
                [
                8.6877,
                59.8834
                ],
                [
                8.6877,
                59.8802
                ]
            ]
            ]
        }
        }
    ]
    }