{
    "type": "FeatureCollection",
    "features": [
        {
        "type": "Feature",
        "properties": {},
        "geometry": {
            "type": "Polygon",
            "coordinates": [
            [
                [
                7.9393,
                59.4616
                ],
                [
                7.9425,
                59.4616
                ],
                [
                7.9425,
                59.4648
                ],
                [
                7.9393,
                59.4648
                ],
                [
                7.9393,
                59.4616
                ]
            ]
            ]
        }
        }
    ]
    }