{
    "type": "FeatureCollection",
    "features": [
        {
        "type": "Feature",
        "properties": {},
        "geometry": {
            "type": "Polygon",
            "coordinates": [
            [
                [
                7.2016,
                58.0447
                ],
                [
                7.2047,
                58.0447
                ],
                [
                7.2047,
                58.0479
                ],
                [
                7.2016,
                58.0479
                ],
                [
                7.2016,
                58.0447
                ]
            ]
            ]
        }
        }
    ]
    }