{
    "type": "FeatureCollection",
    "features": [
        {
        "type": "Feature",
        "properties": {},
        "geometry": {
            "type": "Polygon",
            "coordinates": [
            [
                [
                11.032,
                61.5395
                ],
                [
                11.0352,
                61.5395
                ],
                [
                11.0352,
                61.5427
                ],
                [
                11.032,
                61.5427
                ],
                [
                11.032,
                61.5395
                ]
            ]
            ]
        }
        }
    ]
    }