{
    "type": "FeatureCollection",
    "features": [
        {
        "type": "Feature",
        "properties": {},
        "geometry": {
            "type": "Polygon",
            "coordinates": [
            [
                [
                14.4515,
                67.2749
                ],
                [
                14.4547,
                67.2749
                ],
                [
                14.4547,
                67.278
                ],
                [
                14.4515,
                67.278
                ],
                [
                14.4515,
                67.2749
                ]
            ]
            ]
        }
        }
    ]
    }