{
    "type": "FeatureCollection",
    "features": [
        {
        "type": "Feature",
        "properties": {},
        "geometry": {
            "type": "Polygon",
            "coordinates": [
            [
                [
                18.907,
                69.6442
                ],
                [
                18.9102,
                69.6442
                ],
                [
                18.9102,
                69.6473
                ],
                [
                18.907,
                69.6473
                ],
                [
                18.907,
                69.6442
                ]
            ]
            ]
        }
        }
    ]
    }