{
    "type": "FeatureCollection",
    "features": [
        {
        "type": "Feature",
        "properties": {},
        "geometry": {
            "type": "Polygon",
            "coordinates": [
            [
                [
                11.6483,
                59.4818
                ],
                [
                11.6514,
                59.4818
                ],
                [
                11.6514,
                59.485
                ],
                [
                11.6483,
                59.485
                ],
                [
                11.6483,
                59.4818
                ]
            ]
            ]
        }
        }
    ]
    }