{
    "type": "FeatureCollection",
    "features": [
        {
        "type": "Feature",
        "properties": {},
        "geometry": {
            "type": "Polygon",
            "coordinates": [
            [
                [
                8.5069,
                59.8769
                ],
                [
                8.5101,
                59.8769
                ],
                [
                8.5101,
                59.8801
                ],
                [
                8.5069,
                59.8801
                ],
                [
                8.5069,
                59.8769
                ]
            ]
            ]
        }
        }
    ]
    }