{
    "type": "FeatureCollection",
    "features": [
        {
        "type": "Feature",
        "properties": {},
        "geometry": {
            "type": "Polygon",
            "coordinates": [
            [
                [
                7.2043,
                60.421
                ],
                [
                7.2075,
                60.421
                ],
                [
                7.2075,
                60.4242
                ],
                [
                7.2043,
                60.4242
                ],
                [
                7.2043,
                60.421
                ]
            ]
            ]
        }
        }
    ]
    }