{
    "type": "FeatureCollection",
    "features": [
        {
        "type": "Feature",
        "properties": {},
        "geometry": {
            "type": "Polygon",
            "coordinates": [
            [
                [
                11.1658,
                59.6304
                ],
                [
                11.169,
                59.6304
                ],
                [
                11.169,
                59.6336
                ],
                [
                11.1658,
                59.6336
                ],
                [
                11.1658,
                59.6304
                ]
            ]
            ]
        }
        }
    ]
    }