{
    "type": "FeatureCollection",
    "features": [
        {
        "type": "Feature",
        "properties": {},
        "geometry": {
            "type": "Polygon",
            "coordinates": [
            [
                [
                10.8746,
                60.8955
                ],
                [
                10.8777,
                60.8955
                ],
                [
                10.8777,
                60.8987
                ],
                [
                10.8746,
                60.8987
                ],
                [
                10.8746,
                60.8955
                ]
            ]
            ]
        }
        }
    ]
    }