{
    "type": "FeatureCollection",
    "features": [
        {
        "type": "Feature",
        "properties": {},
        "geometry": {
            "type": "Polygon",
            "coordinates": [
            [
                [
                10.6569,
                60.9681
                ],
                [
                10.6601,
                60.9681
                ],
                [
                10.6601,
                60.9713
                ],
                [
                10.6569,
                60.9713
                ],
                [
                10.6569,
                60.9681
                ]
            ]
            ]
        }
        }
    ]
    }