{
    "type": "FeatureCollection",
    "features": [
        {
        "type": "Feature",
        "properties": {},
        "geometry": {
            "type": "Polygon",
            "coordinates": [
            [
                [
                11.1664,
                59.6299
                ],
                [
                11.1696,
                59.6299
                ],
                [
                11.1696,
                59.6331
                ],
                [
                11.1664,
                59.6331
                ],
                [
                11.1664,
                59.6299
                ]
            ]
            ]
        }
        }
    ]
    }