{
    "type": "FeatureCollection",
    "features": [
        {
        "type": "Feature",
        "properties": {},
        "geometry": {
            "type": "Polygon",
            "coordinates": [
            [
                [
                10.5538,
                61.0171
                ],
                [
                10.557,
                61.0171
                ],
                [
                10.557,
                61.0202
                ],
                [
                10.5538,
                61.0202
                ],
                [
                10.5538,
                61.0171
                ]
            ]
            ]
        }
        }
    ]
    }