{
    "type": "FeatureCollection",
    "features": [
        {
        "type": "Feature",
        "properties": {},
        "geometry": {
            "type": "Polygon",
            "coordinates": [
            [
                [
                10.4941,
                61.0405
                ],
                [
                10.4973,
                61.0405
                ],
                [
                10.4973,
                61.0437
                ],
                [
                10.4941,
                61.0437
                ],
                [
                10.4941,
                61.0405
                ]
            ]
            ]
        }
        }
    ]
    }