{
    "type": "FeatureCollection",
    "features": [
        {
        "type": "Feature",
        "properties": {},
        "geometry": {
            "type": "Polygon",
            "coordinates": [
            [
                [
                17.5536,
                68.5496
                ],
                [
                17.5567,
                68.5496
                ],
                [
                17.5567,
                68.5528
                ],
                [
                17.5536,
                68.5528
                ],
                [
                17.5536,
                68.5496
                ]
            ]
            ]
        }
        }
    ]
    }