{
    "type": "FeatureCollection",
    "features": [
        {
        "type": "Feature",
        "properties": {},
        "geometry": {
            "type": "Polygon",
            "coordinates": [
            [
                [
                9.7741,
                59.2436
                ],
                [
                9.7773,
                59.2436
                ],
                [
                9.7773,
                59.2468
                ],
                [
                9.7741,
                59.2468
                ],
                [
                9.7741,
                59.2436
                ]
            ]
            ]
        }
        }
    ]
    }