{
    "type": "FeatureCollection",
    "features": [
        {
        "type": "Feature",
        "properties": {},
        "geometry": {
            "type": "Polygon",
            "coordinates": [
            [
                [
                8.2629,
                60.6979
                ],
                [
                8.2661,
                60.6979
                ],
                [
                8.2661,
                60.7011
                ],
                [
                8.2629,
                60.7011
                ],
                [
                8.2629,
                60.6979
                ]
            ]
            ]
        }
        }
    ]
    }