{
    "type": "FeatureCollection",
    "features": [
        {
        "type": "Feature",
        "properties": {},
        "geometry": {
            "type": "Polygon",
            "coordinates": [
            [
                [
                7.8117,
                61.0429
                ],
                [
                7.8149,
                61.0429
                ],
                [
                7.8149,
                61.0461
                ],
                [
                7.8117,
                61.0461
                ],
                [
                7.8117,
                61.0429
                ]
            ]
            ]
        }
        }
    ]
    }