{
    "type": "FeatureCollection",
    "features": [
        {
        "type": "Feature",
        "properties": {},
        "geometry": {
            "type": "Polygon",
            "coordinates": [
            [
                [
                11.425,
                61.1528
                ],
                [
                11.4282,
                61.1528
                ],
                [
                11.4282,
                61.156
                ],
                [
                11.425,
                61.156
                ],
                [
                11.425,
                61.1528
                ]
            ]
            ]
        }
        }
    ]
    }