{
    "type": "FeatureCollection",
    "features": [
        {
        "type": "Feature",
        "properties": {},
        "geometry": {
            "type": "Polygon",
            "coordinates": [
            [
                [
                17.6697,
                69.5437
                ],
                [
                17.6729,
                69.5437
                ],
                [
                17.6729,
                69.5469
                ],
                [
                17.6697,
                69.5469
                ],
                [
                17.6697,
                69.5437
                ]
            ]
            ]
        }
        }
    ]
    }