{
    "type": "FeatureCollection",
    "features": [
        {
        "type": "Feature",
        "properties": {},
        "geometry": {
            "type": "Polygon",
            "coordinates": [
            [
                [
                6.6612,
                58.3426
                ],
                [
                6.6644,
                58.3426
                ],
                [
                6.6644,
                58.3458
                ],
                [
                6.6612,
                58.3458
                ],
                [
                6.6612,
                58.3426
                ]
            ]
            ]
        }
        }
    ]
    }