{
    "type": "FeatureCollection",
    "features": [
        {
        "type": "Feature",
        "properties": {},
        "geometry": {
            "type": "Polygon",
            "coordinates": [
            [
                [
                9.7888,
                63.505
                ],
                [
                9.792,
                63.505
                ],
                [
                9.792,
                63.5082
                ],
                [
                9.7888,
                63.5082
                ],
                [
                9.7888,
                63.505
                ]
            ]
            ]
        }
        }
    ]
    }