{
    "type": "FeatureCollection",
    "features": [
        {
        "type": "Feature",
        "properties": {},
        "geometry": {
            "type": "Polygon",
            "coordinates": [
            [
                [
                17.7134,
                68.5582
                ],
                [
                17.7166,
                68.5582
                ],
                [
                17.7166,
                68.5614
                ],
                [
                17.7134,
                68.5614
                ],
                [
                17.7134,
                68.5582
                ]
            ]
            ]
        }
        }
    ]
    }