{
    "type": "FeatureCollection",
    "features": [
        {
        "type": "Feature",
        "properties": {},
        "geometry": {
            "type": "Polygon",
            "coordinates": [
            [
                [
                7.8687,
                59.7208
                ],
                [
                7.8719,
                59.7208
                ],
                [
                7.8719,
                59.724
                ],
                [
                7.8687,
                59.724
                ],
                [
                7.8687,
                59.7208
                ]
            ]
            ]
        }
        }
    ]
    }