{
    "type": "FeatureCollection",
    "features": [
        {
        "type": "Feature",
        "properties": {},
        "geometry": {
            "type": "Polygon",
            "coordinates": [
            [
                [
                7.4777,
                58.4301
                ],
                [
                7.4809,
                58.4301
                ],
                [
                7.4809,
                58.4333
                ],
                [
                7.4777,
                58.4333
                ],
                [
                7.4777,
                58.4301
                ]
            ]
            ]
        }
        }
    ]
    }