{
    "type": "FeatureCollection",
    "features": [
        {
        "type": "Feature",
        "properties": {},
        "geometry": {
            "type": "Polygon",
            "coordinates": [
            [
                [
                11.6507,
                59.149
                ],
                [
                11.6539,
                59.149
                ],
                [
                11.6539,
                59.1522
                ],
                [
                11.6507,
                59.1522
                ],
                [
                11.6507,
                59.149
                ]
            ]
            ]
        }
        }
    ]
    }