{
    "type": "FeatureCollection",
    "features": [
        {
        "type": "Feature",
        "properties": {},
        "geometry": {
            "type": "Polygon",
            "coordinates": [
            [
                [
                22.1249,
                70.5992
                ],
                [
                22.1281,
                70.5992
                ],
                [
                22.1281,
                70.6024
                ],
                [
                22.1249,
                70.6024
                ],
                [
                22.1249,
                70.5992
                ]
            ]
            ]
        }
        }
    ]
    }