{
    "type": "FeatureCollection",
    "features": [
        {
        "type": "Feature",
        "properties": {},
        "geometry": {
            "type": "Polygon",
            "coordinates": [
            [
                [
                9.6097,
                59.5556
                ],
                [
                9.6129,
                59.5556
                ],
                [
                9.6129,
                59.5588
                ],
                [
                9.6097,
                59.5588
                ],
                [
                9.6097,
                59.5556
                ]
            ]
            ]
        }
        }
    ]
    }