{
    "type": "FeatureCollection",
    "features": [
        {
        "type": "Feature",
        "properties": {},
        "geometry": {
            "type": "Polygon",
            "coordinates": [
            [
                [
                10.0518,
                59.1472
                ],
                [
                10.055,
                59.1472
                ],
                [
                10.055,
                59.1504
                ],
                [
                10.0518,
                59.1504
                ],
                [
                10.0518,
                59.1472
                ]
            ]
            ]
        }
        }
    ]
    }