{
    "type": "FeatureCollection",
    "features": [
        {
        "type": "Feature",
        "properties": {},
        "geometry": {
            "type": "Polygon",
            "coordinates": [
            [
                [
                7.8161,
                59.5383
                ],
                [
                7.8192,
                59.5383
                ],
                [
                7.8192,
                59.5415
                ],
                [
                7.8161,
                59.5415
                ],
                [
                7.8161,
                59.5383
                ]
            ]
            ]
        }
        }
    ]
    }