{
    "type": "FeatureCollection",
    "features": [
        {
        "type": "Feature",
        "properties": {},
        "geometry": {
            "type": "Polygon",
            "coordinates": [
            [
                [
                7.8163,
                59.5437
                ],
                [
                7.8195,
                59.5437
                ],
                [
                7.8195,
                59.5469
                ],
                [
                7.8163,
                59.5469
                ],
                [
                7.8163,
                59.5437
                ]
            ]
            ]
        }
        }
    ]
    }