{
    "type": "FeatureCollection",
    "features": [
        {
        "type": "Feature",
        "properties": {},
        "geometry": {
            "type": "Polygon",
            "coordinates": [
            [
                [
                6.3749,
                62.2514
                ],
                [
                6.378,
                62.2514
                ],
                [
                6.378,
                62.2546
                ],
                [
                6.3749,
                62.2546
                ],
                [
                6.3749,
                62.2514
                ]
            ]
            ]
        }
        }
    ]
    }