{
    "type": "FeatureCollection",
    "features": [
        {
        "type": "Feature",
        "properties": {},
        "geometry": {
            "type": "Polygon",
            "coordinates": [
            [
                [
                6.3452,
                62.2418
                ],
                [
                6.3484,
                62.2418
                ],
                [
                6.3484,
                62.245
                ],
                [
                6.3452,
                62.245
                ],
                [
                6.3452,
                62.2418
                ]
            ]
            ]
        }
        }
    ]
    }