{
    "type": "FeatureCollection",
    "features": [
        {
        "type": "Feature",
        "properties": {},
        "geometry": {
            "type": "Polygon",
            "coordinates": [
            [
                [
                10.0986,
                59.1021
                ],
                [
                10.1018,
                59.1021
                ],
                [
                10.1018,
                59.1052
                ],
                [
                10.0986,
                59.1052
                ],
                [
                10.0986,
                59.1021
                ]
            ]
            ]
        }
        }
    ]
    }