{
    "type": "FeatureCollection",
    "features": [
        {
        "type": "Feature",
        "properties": {},
        "geometry": {
            "type": "Polygon",
            "coordinates": [
            [
                [
                10.1294,
                61.4574
                ],
                [
                10.1326,
                61.4574
                ],
                [
                10.1326,
                61.4606
                ],
                [
                10.1294,
                61.4606
                ],
                [
                10.1294,
                61.4574
                ]
            ]
            ]
        }
        }
    ]
    }