{
    "type": "FeatureCollection",
    "features": [
        {
        "type": "Feature",
        "properties": {},
        "geometry": {
            "type": "Polygon",
            "coordinates": [
            [
                [
                8.2019,
                61.2641
                ],
                [
                8.2051,
                61.2641
                ],
                [
                8.2051,
                61.2673
                ],
                [
                8.2019,
                61.2673
                ],
                [
                8.2019,
                61.2641
                ]
            ]
            ]
        }
        }
    ]
    }