{
    "type": "FeatureCollection",
    "features": [
        {
        "type": "Feature",
        "properties": {},
        "geometry": {
            "type": "Polygon",
            "coordinates": [
            [
                [
                9.8326,
                59.0842
                ],
                [
                9.8358,
                59.0842
                ],
                [
                9.8358,
                59.0874
                ],
                [
                9.8326,
                59.0874
                ],
                [
                9.8326,
                59.0842
                ]
            ]
            ]
        }
        }
    ]
    }