{
    "type": "FeatureCollection",
    "features": [
        {
        "type": "Feature",
        "properties": {},
        "geometry": {
            "type": "Polygon",
            "coordinates": [
            [
                [
                8.2329,
                61.2275
                ],
                [
                8.2361,
                61.2275
                ],
                [
                8.2361,
                61.2307
                ],
                [
                8.2329,
                61.2307
                ],
                [
                8.2329,
                61.2275
                ]
            ]
            ]
        }
        }
    ]
    }