{
    "type": "FeatureCollection",
    "features": [
        {
        "type": "Feature",
        "properties": {},
        "geometry": {
            "type": "Polygon",
            "coordinates": [
            [
                [
                7.5204,
                58.1966
                ],
                [
                7.5236,
                58.1966
                ],
                [
                7.5236,
                58.1997
                ],
                [
                7.5204,
                58.1997
                ],
                [
                7.5204,
                58.1966
                ]
            ]
            ]
        }
        }
    ]
    }