{
    "type": "FeatureCollection",
    "features": [
        {
        "type": "Feature",
        "properties": {},
        "geometry": {
            "type": "Polygon",
            "coordinates": [
            [
                [
                5.5089,
                61.9686
                ],
                [
                5.5121,
                61.9686
                ],
                [
                5.5121,
                61.9718
                ],
                [
                5.5089,
                61.9718
                ],
                [
                5.5089,
                61.9686
                ]
            ]
            ]
        }
        }
    ]
    }