{
    "type": "FeatureCollection",
    "features": [
        {
        "type": "Feature",
        "properties": {},
        "geometry": {
            "type": "Polygon",
            "coordinates": [
            [
                [
                9.7064,
                60.7314
                ],
                [
                9.7095,
                60.7314
                ],
                [
                9.7095,
                60.7346
                ],
                [
                9.7064,
                60.7346
                ],
                [
                9.7064,
                60.7314
                ]
            ]
            ]
        }
        }
    ]
    }