{
    "type": "FeatureCollection",
    "features": [
        {
        "type": "Feature",
        "properties": {},
        "geometry": {
            "type": "Polygon",
            "coordinates": [
            [
                [
                10.1764,
                59.5769
                ],
                [
                10.1796,
                59.5769
                ],
                [
                10.1796,
                59.5801
                ],
                [
                10.1764,
                59.5801
                ],
                [
                10.1764,
                59.5769
                ]
            ]
            ]
        }
        }
    ]
    }