{
    "type": "FeatureCollection",
    "features": [
        {
        "type": "Feature",
        "properties": {},
        "geometry": {
            "type": "Polygon",
            "coordinates": [
            [
                [
                10.1157,
                61.4648
                ],
                [
                10.1188,
                61.4648
                ],
                [
                10.1188,
                61.468
                ],
                [
                10.1157,
                61.468
                ],
                [
                10.1157,
                61.4648
                ]
            ]
            ]
        }
        }
    ]
    }