{
    "type": "FeatureCollection",
    "features": [
        {
        "type": "Feature",
        "properties": {},
        "geometry": {
            "type": "Polygon",
            "coordinates": [
            [
                [
                7.18,
                62.1523
                ],
                [
                7.1832,
                62.1523
                ],
                [
                7.1832,
                62.1555
                ],
                [
                7.18,
                62.1555
                ],
                [
                7.18,
                62.1523
                ]
            ]
            ]
        }
        }
    ]
    }