{
    "type": "FeatureCollection",
    "features": [
        {
        "type": "Feature",
        "properties": {},
        "geometry": {
            "type": "Polygon",
            "coordinates": [
            [
                [
                18.9973,
                69.6354
                ],
                [
                19.0005,
                69.6354
                ],
                [
                19.0005,
                69.6386
                ],
                [
                18.9973,
                69.6386
                ],
                [
                18.9973,
                69.6354
                ]
            ]
            ]
        }
        }
    ]
    }