{
    "type": "FeatureCollection",
    "features": [
        {
        "type": "Feature",
        "properties": {},
        "geometry": {
            "type": "Polygon",
            "coordinates": [
            [
                [
                7.817,
                59.5469
                ],
                [
                7.8202,
                59.5469
                ],
                [
                7.8202,
                59.5501
                ],
                [
                7.817,
                59.5501
                ],
                [
                7.817,
                59.5469
                ]
            ]
            ]
        }
        }
    ]
    }