{
    "type": "FeatureCollection",
    "features": [
        {
        "type": "Feature",
        "properties": {},
        "geometry": {
            "type": "Polygon",
            "coordinates": [
            [
                [
                18.9971,
                69.6352
                ],
                [
                19.0003,
                69.6352
                ],
                [
                19.0003,
                69.6384
                ],
                [
                18.9971,
                69.6384
                ],
                [
                18.9971,
                69.6352
                ]
            ]
            ]
        }
        }
    ]
    }