{
    "type": "FeatureCollection",
    "features": [
        {
        "type": "Feature",
        "properties": {},
        "geometry": {
            "type": "Polygon",
            "coordinates": [
            [
                [
                7.2878,
                61.5688
                ],
                [
                7.291,
                61.5688
                ],
                [
                7.291,
                61.572
                ],
                [
                7.2878,
                61.572
                ],
                [
                7.2878,
                61.5688
                ]
            ]
            ]
        }
        }
    ]
    }