{
    "type": "FeatureCollection",
    "features": [
        {
        "type": "Feature",
        "properties": {},
        "geometry": {
            "type": "Polygon",
            "coordinates": [
            [
                [
                7.1805,
                62.152
                ],
                [
                7.1837,
                62.152
                ],
                [
                7.1837,
                62.1552
                ],
                [
                7.1805,
                62.1552
                ],
                [
                7.1805,
                62.152
                ]
            ]
            ]
        }
        }
    ]
    }