{
    "type": "FeatureCollection",
    "features": [
        {
        "type": "Feature",
        "properties": {},
        "geometry": {
            "type": "Polygon",
            "coordinates": [
            [
                [
                7.4203,
                58.1467
                ],
                [
                7.4235,
                58.1467
                ],
                [
                7.4235,
                58.1499
                ],
                [
                7.4203,
                58.1499
                ],
                [
                7.4203,
                58.1467
                ]
            ]
            ]
        }
        }
    ]
    }