{
    "type": "FeatureCollection",
    "features": [
        {
        "type": "Feature",
        "properties": {},
        "geometry": {
            "type": "Polygon",
            "coordinates": [
            [
                [
                8.1641,
                62.6195
                ],
                [
                8.1673,
                62.6195
                ],
                [
                8.1673,
                62.6227
                ],
                [
                8.1641,
                62.6227
                ],
                [
                8.1641,
                62.6195
                ]
            ]
            ]
        }
        }
    ]
    }