{
    "type": "FeatureCollection",
    "features": [
        {
        "type": "Feature",
        "properties": {},
        "geometry": {
            "type": "Polygon",
            "coordinates": [
            [
                [
                14.2425,
                66.4541
                ],
                [
                14.2457,
                66.4541
                ],
                [
                14.2457,
                66.4573
                ],
                [
                14.2425,
                66.4573
                ],
                [
                14.2425,
                66.4541
                ]
            ]
            ]
        }
        }
    ]
    }