{
    "type": "FeatureCollection",
    "features": [
        {
        "type": "Feature",
        "properties": {},
        "geometry": {
            "type": "Polygon",
            "coordinates": [
            [
                [
                7.2291,
                60.8926
                ],
                [
                7.2323,
                60.8926
                ],
                [
                7.2323,
                60.8958
                ],
                [
                7.2291,
                60.8958
                ],
                [
                7.2291,
                60.8926
                ]
            ]
            ]
        }
        }
    ]
    }