{
    "type": "FeatureCollection",
    "features": [
        {
        "type": "Feature",
        "properties": {},
        "geometry": {
            "type": "Polygon",
            "coordinates": [
            [
                [
                7.4998,
                60.6017
                ],
                [
                7.5029,
                60.6017
                ],
                [
                7.5029,
                60.6049
                ],
                [
                7.4998,
                60.6049
                ],
                [
                7.4998,
                60.6017
                ]
            ]
            ]
        }
        }
    ]
    }