{
    "type": "FeatureCollection",
    "features": [
        {
        "type": "Feature",
        "properties": {},
        "geometry": {
            "type": "Polygon",
            "coordinates": [
            [
                [
                6.0128,
                60.6449
                ],
                [
                6.0159,
                60.6449
                ],
                [
                6.0159,
                60.6481
                ],
                [
                6.0128,
                60.6481
                ],
                [
                6.0128,
                60.6449
                ]
            ]
            ]
        }
        }
    ]
    }