{
    "type": "FeatureCollection",
    "features": [
        {
        "type": "Feature",
        "properties": {},
        "geometry": {
            "type": "Polygon",
            "coordinates": [
            [
                [
                6.957,
                62.3854
                ],
                [
                6.9602,
                62.3854
                ],
                [
                6.9602,
                62.3885
                ],
                [
                6.957,
                62.3885
                ],
                [
                6.957,
                62.3854
                ]
            ]
            ]
        }
        }
    ]
    }