{
    "type": "FeatureCollection",
    "features": [
        {
        "type": "Feature",
        "properties": {},
        "geometry": {
            "type": "Polygon",
            "coordinates": [
            [
                [
                9.4573,
                60.2938
                ],
                [
                9.4605,
                60.2938
                ],
                [
                9.4605,
                60.297
                ],
                [
                9.4573,
                60.297
                ],
                [
                9.4573,
                60.2938
                ]
            ]
            ]
        }
        }
    ]
    }