{
    "type": "FeatureCollection",
    "features": [
        {
        "type": "Feature",
        "properties": {},
        "geometry": {
            "type": "Polygon",
            "coordinates": [
            [
                [
                5.859,
                62.0295
                ],
                [
                5.8621,
                62.0295
                ],
                [
                5.8621,
                62.0327
                ],
                [
                5.859,
                62.0327
                ],
                [
                5.859,
                62.0295
                ]
            ]
            ]
        }
        }
    ]
    }