{
    "type": "FeatureCollection",
    "features": [
        {
        "type": "Feature",
        "properties": {},
        "geometry": {
            "type": "Polygon",
            "coordinates": [
            [
                [
                14.7072,
                68.3544
                ],
                [
                14.7104,
                68.3544
                ],
                [
                14.7104,
                68.3576
                ],
                [
                14.7072,
                68.3576
                ],
                [
                14.7072,
                68.3544
                ]
            ]
            ]
        }
        }
    ]
    }