{
    "type": "FeatureCollection",
    "features": [
        {
        "type": "Feature",
        "properties": {},
        "geometry": {
            "type": "Polygon",
            "coordinates": [
            [
                [
                6.4807,
                60.9007
                ],
                [
                6.4839,
                60.9007
                ],
                [
                6.4839,
                60.9039
                ],
                [
                6.4807,
                60.9039
                ],
                [
                6.4807,
                60.9007
                ]
            ]
            ]
        }
        }
    ]
    }