{
    "type": "FeatureCollection",
    "features": [
        {
        "type": "Feature",
        "properties": {},
        "geometry": {
            "type": "Polygon",
            "coordinates": [
            [
                [
                8.1649,
                62.6193
                ],
                [
                8.1681,
                62.6193
                ],
                [
                8.1681,
                62.6224
                ],
                [
                8.1649,
                62.6224
                ],
                [
                8.1649,
                62.6193
                ]
            ]
            ]
        }
        }
    ]
    }