{
    "type": "FeatureCollection",
    "features": [
        {
        "type": "Feature",
        "properties": {},
        "geometry": {
            "type": "Polygon",
            "coordinates": [
            [
                [
                7.1164,
                61.2307
                ],
                [
                7.1196,
                61.2307
                ],
                [
                7.1196,
                61.2339
                ],
                [
                7.1164,
                61.2339
                ],
                [
                7.1164,
                61.2307
                ]
            ]
            ]
        }
        }
    ]
    }