{
    "type": "FeatureCollection",
    "features": [
        {
        "type": "Feature",
        "properties": {},
        "geometry": {
            "type": "Polygon",
            "coordinates": [
            [
                [
                10.0362,
                59.7421
                ],
                [
                10.0393,
                59.7421
                ],
                [
                10.0393,
                59.7453
                ],
                [
                10.0362,
                59.7453
                ],
                [
                10.0362,
                59.7421
                ]
            ]
            ]
        }
        }
    ]
    }