{
    "type": "FeatureCollection",
    "features": [
        {
        "type": "Feature",
        "properties": {},
        "geometry": {
            "type": "Polygon",
            "coordinates": [
            [
                [
                9.8983,
                59.9044
                ],
                [
                9.9015,
                59.9044
                ],
                [
                9.9015,
                59.9075
                ],
                [
                9.8983,
                59.9075
                ],
                [
                9.8983,
                59.9044
                ]
            ]
            ]
        }
        }
    ]
    }