{
    "type": "FeatureCollection",
    "features": [
        {
        "type": "Feature",
        "properties": {},
        "geometry": {
            "type": "Polygon",
            "coordinates": [
            [
                [
                10.1549,
                59.7149
                ],
                [
                10.1581,
                59.7149
                ],
                [
                10.1581,
                59.7181
                ],
                [
                10.1549,
                59.7181
                ],
                [
                10.1549,
                59.7149
                ]
            ]
            ]
        }
        }
    ]
    }