{
    "type": "FeatureCollection",
    "features": [
        {
        "type": "Feature",
        "properties": {},
        "geometry": {
            "type": "Polygon",
            "coordinates": [
            [
                [
                10.0442,
                59.724
                ],
                [
                10.0473,
                59.724
                ],
                [
                10.0473,
                59.7271
                ],
                [
                10.0442,
                59.7271
                ],
                [
                10.0442,
                59.724
                ]
            ]
            ]
        }
        }
    ]
    }