{
    "type": "FeatureCollection",
    "features": [
        {
        "type": "Feature",
        "properties": {},
        "geometry": {
            "type": "Polygon",
            "coordinates": [
            [
                [
                11.1105,
                60.6196
                ],
                [
                11.1137,
                60.6196
                ],
                [
                11.1137,
                60.6228
                ],
                [
                11.1105,
                60.6228
                ],
                [
                11.1105,
                60.6196
                ]
            ]
            ]
        }
        }
    ]
    }