{
    "type": "FeatureCollection",
    "features": [
        {
        "type": "Feature",
        "properties": {},
        "geometry": {
            "type": "Polygon",
            "coordinates": [
            [
                [
                10.0508,
                59.7452
                ],
                [
                10.054,
                59.7452
                ],
                [
                10.054,
                59.7484
                ],
                [
                10.0508,
                59.7484
                ],
                [
                10.0508,
                59.7452
                ]
            ]
            ]
        }
        }
    ]
    }