{
    "type": "FeatureCollection",
    "features": [
        {
        "type": "Feature",
        "properties": {},
        "geometry": {
            "type": "Polygon",
            "coordinates": [
            [
                [
                10.0563,
                59.1577
                ],
                [
                10.0595,
                59.1577
                ],
                [
                10.0595,
                59.1609
                ],
                [
                10.0563,
                59.1609
                ],
                [
                10.0563,
                59.1577
                ]
            ]
            ]
        }
        }
    ]
    }