{
    "type": "FeatureCollection",
    "features": [
        {
        "type": "Feature",
        "properties": {},
        "geometry": {
            "type": "Polygon",
            "coordinates": [
            [
                [
                28.0683,
                70.7973
                ],
                [
                28.0715,
                70.7973
                ],
                [
                28.0715,
                70.8005
                ],
                [
                28.0683,
                70.8005
                ],
                [
                28.0683,
                70.7973
                ]
            ]
            ]
        }
        }
    ]
    }