{
    "type": "FeatureCollection",
    "features": [
        {
        "type": "Feature",
        "properties": {},
        "geometry": {
            "type": "Polygon",
            "coordinates": [
            [
                [
                11.0425,
                63.2367
                ],
                [
                11.0457,
                63.2367
                ],
                [
                11.0457,
                63.2398
                ],
                [
                11.0425,
                63.2398
                ],
                [
                11.0425,
                63.2367
                ]
            ]
            ]
        }
        }
    ]
    }