{
    "type": "FeatureCollection",
    "features": [
        {
        "type": "Feature",
        "properties": {},
        "geometry": {
            "type": "Polygon",
            "coordinates": [
            [
                [
                10.8527,
                63.4363
                ],
                [
                10.8559,
                63.4363
                ],
                [
                10.8559,
                63.4395
                ],
                [
                10.8527,
                63.4395
                ],
                [
                10.8527,
                63.4363
                ]
            ]
            ]
        }
        }
    ]
    }