{
    "type": "FeatureCollection",
    "features": [
        {
        "type": "Feature",
        "properties": {},
        "geometry": {
            "type": "Polygon",
            "coordinates": [
            [
                [
                10.1884,
                63.2738
                ],
                [
                10.1916,
                63.2738
                ],
                [
                10.1916,
                63.277
                ],
                [
                10.1884,
                63.277
                ],
                [
                10.1884,
                63.2738
                ]
            ]
            ]
        }
        }
    ]
    }