{
    "type": "FeatureCollection",
    "features": [
        {
        "type": "Feature",
        "properties": {},
        "geometry": {
            "type": "Polygon",
            "coordinates": [
            [
                [
                10.8348,
                63.3126
                ],
                [
                10.838,
                63.3126
                ],
                [
                10.838,
                63.3158
                ],
                [
                10.8348,
                63.3158
                ],
                [
                10.8348,
                63.3126
                ]
            ]
            ]
        }
        }
    ]
    }