{
    "type": "FeatureCollection",
    "features": [
        {
        "type": "Feature",
        "properties": {},
        "geometry": {
            "type": "Polygon",
            "coordinates": [
            [
                [
                10.1709,
                60.2823
                ],
                [
                10.174,
                60.2823
                ],
                [
                10.174,
                60.2855
                ],
                [
                10.1709,
                60.2855
                ],
                [
                10.1709,
                60.2823
                ]
            ]
            ]
        }
        }
    ]
    }