{
    "type": "FeatureCollection",
    "features": [
        {
        "type": "Feature",
        "properties": {},
        "geometry": {
            "type": "Polygon",
            "coordinates": [
            [
                [
                10.8349,
                63.3125
                ],
                [
                10.8381,
                63.3125
                ],
                [
                10.8381,
                63.3157
                ],
                [
                10.8349,
                63.3157
                ],
                [
                10.8349,
                63.3125
                ]
            ]
            ]
        }
        }
    ]
    }