{
    "type": "FeatureCollection",
    "features": [
        {
        "type": "Feature",
        "properties": {},
        "geometry": {
            "type": "Polygon",
            "coordinates": [
            [
                [
                7.6673,
                61.2187
                ],
                [
                7.6705,
                61.2187
                ],
                [
                7.6705,
                61.2219
                ],
                [
                7.6673,
                61.2219
                ],
                [
                7.6673,
                61.2187
                ]
            ]
            ]
        }
        }
    ]
    }