{
    "type": "FeatureCollection",
    "features": [
        {
        "type": "Feature",
        "properties": {},
        "geometry": {
            "type": "Polygon",
            "coordinates": [
            [
                [
                8.7983,
                58.4988
                ],
                [
                8.8015,
                58.4988
                ],
                [
                8.8015,
                58.502
                ],
                [
                8.7983,
                58.502
                ],
                [
                8.7983,
                58.4988
                ]
            ]
            ]
        }
        }
    ]
    }