{
    "type": "FeatureCollection",
    "features": [
        {
        "type": "Feature",
        "properties": {},
        "geometry": {
            "type": "Polygon",
            "coordinates": [
            [
                [
                9.2134,
                62.6617
                ],
                [
                9.2166,
                62.6617
                ],
                [
                9.2166,
                62.6649
                ],
                [
                9.2134,
                62.6649
                ],
                [
                9.2134,
                62.6617
                ]
            ]
            ]
        }
        }
    ]
    }