{
    "type": "FeatureCollection",
    "features": [
        {
        "type": "Feature",
        "properties": {},
        "geometry": {
            "type": "Polygon",
            "coordinates": [
            [
                [
                10.9376,
                63.2069
                ],
                [
                10.9408,
                63.2069
                ],
                [
                10.9408,
                63.2101
                ],
                [
                10.9376,
                63.2101
                ],
                [
                10.9376,
                63.2069
                ]
            ]
            ]
        }
        }
    ]
    }