{
    "type": "FeatureCollection",
    "features": [
        {
        "type": "Feature",
        "properties": {},
        "geometry": {
            "type": "Polygon",
            "coordinates": [
            [
                [
                8.0979,
                62.6335
                ],
                [
                8.1011,
                62.6335
                ],
                [
                8.1011,
                62.6367
                ],
                [
                8.0979,
                62.6367
                ],
                [
                8.0979,
                62.6335
                ]
            ]
            ]
        }
        }
    ]
    }