{
    "type": "FeatureCollection",
    "features": [
        {
        "type": "Feature",
        "properties": {},
        "geometry": {
            "type": "Polygon",
            "coordinates": [
            [
                [
                6.0702,
                62.2097
                ],
                [
                6.0734,
                62.2097
                ],
                [
                6.0734,
                62.2129
                ],
                [
                6.0702,
                62.2129
                ],
                [
                6.0702,
                62.2097
                ]
            ]
            ]
        }
        }
    ]
    }