{
    "type": "FeatureCollection",
    "features": [
        {
        "type": "Feature",
        "properties": {},
        "geometry": {
            "type": "Polygon",
            "coordinates": [
            [
                [
                8.5172,
                63.0122
                ],
                [
                8.5203,
                63.0122
                ],
                [
                8.5203,
                63.0154
                ],
                [
                8.5172,
                63.0154
                ],
                [
                8.5172,
                63.0122
                ]
            ]
            ]
        }
        }
    ]
    }