{
    "type": "FeatureCollection",
    "features": [
        {
        "type": "Feature",
        "properties": {},
        "geometry": {
            "type": "Polygon",
            "coordinates": [
            [
                [
                15.5782,
                67.2158
                ],
                [
                15.5814,
                67.2158
                ],
                [
                15.5814,
                67.219
                ],
                [
                15.5782,
                67.219
                ],
                [
                15.5782,
                67.2158
                ]
            ]
            ]
        }
        }
    ]
    }