{
    "type": "FeatureCollection",
    "features": [
        {
        "type": "Feature",
        "properties": {},
        "geometry": {
            "type": "Polygon",
            "coordinates": [
            [
                [
                6.7876,
                61.7298
                ],
                [
                6.7908,
                61.7298
                ],
                [
                6.7908,
                61.733
                ],
                [
                6.7876,
                61.733
                ],
                [
                6.7876,
                61.7298
                ]
            ]
            ]
        }
        }
    ]
    }