{
    "type": "FeatureCollection",
    "features": [
        {
        "type": "Feature",
        "properties": {},
        "geometry": {
            "type": "Polygon",
            "coordinates": [
            [
                [
                11.3108,
                63.1112
                ],
                [
                11.314,
                63.1112
                ],
                [
                11.314,
                63.1144
                ],
                [
                11.3108,
                63.1144
                ],
                [
                11.3108,
                63.1112
                ]
            ]
            ]
        }
        }
    ]
    }