{
    "type": "FeatureCollection",
    "features": [
        {
        "type": "Feature",
        "properties": {},
        "geometry": {
            "type": "Polygon",
            "coordinates": [
            [
                [
                9.0115,
                62.9998
                ],
                [
                9.0147,
                62.9998
                ],
                [
                9.0147,
                63.003
                ],
                [
                9.0115,
                63.003
                ],
                [
                9.0115,
                62.9998
                ]
            ]
            ]
        }
        }
    ]
    }