{
    "type": "FeatureCollection",
    "features": [
        {
        "type": "Feature",
        "properties": {},
        "geometry": {
            "type": "Polygon",
            "coordinates": [
            [
                [
                9.8545,
                59.078
                ],
                [
                9.8577,
                59.078
                ],
                [
                9.8577,
                59.0812
                ],
                [
                9.8545,
                59.0812
                ],
                [
                9.8545,
                59.078
                ]
            ]
            ]
        }
        }
    ]
    }