{
    "type": "FeatureCollection",
    "features": [
        {
        "type": "Feature",
        "properties": {},
        "geometry": {
            "type": "Polygon",
            "coordinates": [
            [
                [
                7.0259,
                58.2766
                ],
                [
                7.0291,
                58.2766
                ],
                [
                7.0291,
                58.2797
                ],
                [
                7.0259,
                58.2797
                ],
                [
                7.0259,
                58.2766
                ]
            ]
            ]
        }
        }
    ]
    }