{
    "type": "FeatureCollection",
    "features": [
        {
        "type": "Feature",
        "properties": {},
        "geometry": {
            "type": "Polygon",
            "coordinates": [
            [
                [
                11.2371,
                60.5003
                ],
                [
                11.2403,
                60.5003
                ],
                [
                11.2403,
                60.5035
                ],
                [
                11.2371,
                60.5035
                ],
                [
                11.2371,
                60.5003
                ]
            ]
            ]
        }
        }
    ]
    }