{
    "type": "FeatureCollection",
    "features": [
        {
        "type": "Feature",
        "properties": {},
        "geometry": {
            "type": "Polygon",
            "coordinates": [
            [
                [
                11.0278,
                63.2715
                ],
                [
                11.031,
                63.2715
                ],
                [
                11.031,
                63.2747
                ],
                [
                11.0278,
                63.2747
                ],
                [
                11.0278,
                63.2715
                ]
            ]
            ]
        }
        }
    ]
    }