{
    "type": "FeatureCollection",
    "features": [
        {
        "type": "Feature",
        "properties": {},
        "geometry": {
            "type": "Polygon",
            "coordinates": [
            [
                [
                8.0068,
                61.1426
                ],
                [
                8.01,
                61.1426
                ],
                [
                8.01,
                61.1457
                ],
                [
                8.0068,
                61.1457
                ],
                [
                8.0068,
                61.1426
                ]
            ]
            ]
        }
        }
    ]
    }