{
    "type": "FeatureCollection",
    "features": [
        {
        "type": "Feature",
        "properties": {},
        "geometry": {
            "type": "Polygon",
            "coordinates": [
            [
                [
                10.0527,
                63.2896
                ],
                [
                10.0559,
                63.2896
                ],
                [
                10.0559,
                63.2928
                ],
                [
                10.0527,
                63.2928
                ],
                [
                10.0527,
                63.2896
                ]
            ]
            ]
        }
        }
    ]
    }