{
    "type": "FeatureCollection",
    "features": [
        {
        "type": "Feature",
        "properties": {},
        "geometry": {
            "type": "Polygon",
            "coordinates": [
            [
                [
                9.7634,
                63.1983
                ],
                [
                9.7666,
                63.1983
                ],
                [
                9.7666,
                63.2014
                ],
                [
                9.7634,
                63.2014
                ],
                [
                9.7634,
                63.1983
                ]
            ]
            ]
        }
        }
    ]
    }