{
    "type": "FeatureCollection",
    "features": [
        {
        "type": "Feature",
        "properties": {},
        "geometry": {
            "type": "Polygon",
            "coordinates": [
            [
                [
                10.0492,
                63.2824
                ],
                [
                10.0524,
                63.2824
                ],
                [
                10.0524,
                63.2856
                ],
                [
                10.0492,
                63.2856
                ],
                [
                10.0492,
                63.2824
                ]
            ]
            ]
        }
        }
    ]
    }