{
    "type": "FeatureCollection",
    "features": [
        {
        "type": "Feature",
        "properties": {},
        "geometry": {
            "type": "Polygon",
            "coordinates": [
            [
                [
                5.3826,
                61.3579
                ],
                [
                5.3858,
                61.3579
                ],
                [
                5.3858,
                61.3611
                ],
                [
                5.3826,
                61.3611
                ],
                [
                5.3826,
                61.3579
                ]
            ]
            ]
        }
        }
    ]
    }