{
    "type": "FeatureCollection",
    "features": [
        {
        "type": "Feature",
        "properties": {},
        "geometry": {
            "type": "Polygon",
            "coordinates": [
            [
                [
                10.1865,
                63.2849
                ],
                [
                10.1897,
                63.2849
                ],
                [
                10.1897,
                63.288
                ],
                [
                10.1865,
                63.288
                ],
                [
                10.1865,
                63.2849
                ]
            ]
            ]
        }
        }
    ]
    }