{
    "type": "FeatureCollection",
    "features": [
        {
        "type": "Feature",
        "properties": {},
        "geometry": {
            "type": "Polygon",
            "coordinates": [
            [
                [
                8.6121,
                59.8105
                ],
                [
                8.6152,
                59.8105
                ],
                [
                8.6152,
                59.8137
                ],
                [
                8.6121,
                59.8137
                ],
                [
                8.6121,
                59.8105
                ]
            ]
            ]
        }
        }
    ]
    }