{
    "type": "FeatureCollection",
    "features": [
        {
        "type": "Feature",
        "properties": {},
        "geometry": {
            "type": "Polygon",
            "coordinates": [
            [
                [
                6.2075,
                60.3858
                ],
                [
                6.2107,
                60.3858
                ],
                [
                6.2107,
                60.389
                ],
                [
                6.2075,
                60.389
                ],
                [
                6.2075,
                60.3858
                ]
            ]
            ]
        }
        }
    ]
    }