{
    "type": "FeatureCollection",
    "features": [
        {
        "type": "Feature",
        "properties": {},
        "geometry": {
            "type": "Polygon",
            "coordinates": [
            [
                [
                10.5013,
                59.6866
                ],
                [
                10.5045,
                59.6866
                ],
                [
                10.5045,
                59.6898
                ],
                [
                10.5013,
                59.6898
                ],
                [
                10.5013,
                59.6866
                ]
            ]
            ]
        }
        }
    ]
    }