{
    "type": "FeatureCollection",
    "features": [
        {
        "type": "Feature",
        "properties": {},
        "geometry": {
            "type": "Polygon",
            "coordinates": [
            [
                [
                7.79,
                62.5258
                ],
                [
                7.7932,
                62.5258
                ],
                [
                7.7932,
                62.529
                ],
                [
                7.79,
                62.529
                ],
                [
                7.79,
                62.5258
                ]
            ]
            ]
        }
        }
    ]
    }