{
    "type": "FeatureCollection",
    "features": [
        {
        "type": "Feature",
        "properties": {},
        "geometry": {
            "type": "Polygon",
            "coordinates": [
            [
                [
                10.4606,
                59.7239
                ],
                [
                10.4638,
                59.7239
                ],
                [
                10.4638,
                59.7271
                ],
                [
                10.4606,
                59.7271
                ],
                [
                10.4606,
                59.7239
                ]
            ]
            ]
        }
        }
    ]
    }