{
    "type": "FeatureCollection",
    "features": [
        {
        "type": "Feature",
        "properties": {},
        "geometry": {
            "type": "Polygon",
            "coordinates": [
            [
                [
                15.4687,
                67.1916
                ],
                [
                15.4718,
                67.1916
                ],
                [
                15.4718,
                67.1948
                ],
                [
                15.4687,
                67.1948
                ],
                [
                15.4687,
                67.1916
                ]
            ]
            ]
        }
        }
    ]
    }