{
    "type": "FeatureCollection",
    "features": [
        {
        "type": "Feature",
        "properties": {},
        "geometry": {
            "type": "Polygon",
            "coordinates": [
            [
                [
                6.339,
                61.7495
                ],
                [
                6.3422,
                61.7495
                ],
                [
                6.3422,
                61.7527
                ],
                [
                6.339,
                61.7527
                ],
                [
                6.339,
                61.7495
                ]
            ]
            ]
        }
        }
    ]
    }