{
    "type": "FeatureCollection",
    "features": [
        {
        "type": "Feature",
        "properties": {},
        "geometry": {
            "type": "Polygon",
            "coordinates": [
            [
                [
                8.9069,
                60.2571
                ],
                [
                8.9101,
                60.2571
                ],
                [
                8.9101,
                60.2603
                ],
                [
                8.9069,
                60.2603
                ],
                [
                8.9069,
                60.2571
                ]
            ]
            ]
        }
        }
    ]
    }