{
    "type": "FeatureCollection",
    "features": [
        {
        "type": "Feature",
        "properties": {},
        "geometry": {
            "type": "Polygon",
            "coordinates": [
            [
                [
                8.8297,
                60.264
                ],
                [
                8.8329,
                60.264
                ],
                [
                8.8329,
                60.2672
                ],
                [
                8.8297,
                60.2672
                ],
                [
                8.8297,
                60.264
                ]
            ]
            ]
        }
        }
    ]
    }