{
    "type": "FeatureCollection",
    "features": [
        {
        "type": "Feature",
        "properties": {},
        "geometry": {
            "type": "Polygon",
            "coordinates": [
            [
                [
                9.7275,
                63.2948
                ],
                [
                9.7307,
                63.2948
                ],
                [
                9.7307,
                63.298
                ],
                [
                9.7275,
                63.298
                ],
                [
                9.7275,
                63.2948
                ]
            ]
            ]
        }
        }
    ]
    }