{
    "type": "FeatureCollection",
    "features": [
        {
        "type": "Feature",
        "properties": {},
        "geometry": {
            "type": "Polygon",
            "coordinates": [
            [
                [
                7.4787,
                61.0943
                ],
                [
                7.4819,
                61.0943
                ],
                [
                7.4819,
                61.0975
                ],
                [
                7.4787,
                61.0975
                ],
                [
                7.4787,
                61.0943
                ]
            ]
            ]
        }
        }
    ]
    }