{
    "type": "FeatureCollection",
    "features": [
        {
        "type": "Feature",
        "properties": {},
        "geometry": {
            "type": "Polygon",
            "coordinates": [
            [
                [
                11.258,
                60.3914
                ],
                [
                11.2612,
                60.3914
                ],
                [
                11.2612,
                60.3946
                ],
                [
                11.258,
                60.3946
                ],
                [
                11.258,
                60.3914
                ]
            ]
            ]
        }
        }
    ]
    }