{
    "type": "FeatureCollection",
    "features": [
        {
        "type": "Feature",
        "properties": {},
        "geometry": {
            "type": "Polygon",
            "coordinates": [
            [
                [
                9.9701,
                62.8318
                ],
                [
                9.9733,
                62.8318
                ],
                [
                9.9733,
                62.8349
                ],
                [
                9.9701,
                62.8349
                ],
                [
                9.9701,
                62.8318
                ]
            ]
            ]
        }
        }
    ]
    }