{
    "type": "FeatureCollection",
    "features": [
        {
        "type": "Feature",
        "properties": {},
        "geometry": {
            "type": "Polygon",
            "coordinates": [
            [
                [
                9.5814,
                63.094
                ],
                [
                9.5845,
                63.094
                ],
                [
                9.5845,
                63.0972
                ],
                [
                9.5814,
                63.0972
                ],
                [
                9.5814,
                63.094
                ]
            ]
            ]
        }
        }
    ]
    }