{
    "type": "FeatureCollection",
    "features": [
        {
        "type": "Feature",
        "properties": {},
        "geometry": {
            "type": "Polygon",
            "coordinates": [
            [
                [
                10.2367,
                62.9857
                ],
                [
                10.2399,
                62.9857
                ],
                [
                10.2399,
                62.9888
                ],
                [
                10.2367,
                62.9888
                ],
                [
                10.2367,
                62.9857
                ]
            ]
            ]
        }
        }
    ]
    }