{
    "type": "FeatureCollection",
    "features": [
        {
        "type": "Feature",
        "properties": {},
        "geometry": {
            "type": "Polygon",
            "coordinates": [
            [
                [
                10.0773,
                59.0475
                ],
                [
                10.0805,
                59.0475
                ],
                [
                10.0805,
                59.0507
                ],
                [
                10.0773,
                59.0507
                ],
                [
                10.0773,
                59.0475
                ]
            ]
            ]
        }
        }
    ]
    }