{
    "type": "FeatureCollection",
    "features": [
        {
        "type": "Feature",
        "properties": {},
        "geometry": {
            "type": "Polygon",
            "coordinates": [
            [
                [
                23.1857,
                69.8782
                ],
                [
                23.1889,
                69.8782
                ],
                [
                23.1889,
                69.8814
                ],
                [
                23.1857,
                69.8814
                ],
                [
                23.1857,
                69.8782
                ]
            ]
            ]
        }
        }
    ]
    }