{
    "type": "FeatureCollection",
    "features": [
        {
        "type": "Feature",
        "properties": {},
        "geometry": {
            "type": "Polygon",
            "coordinates": [
            [
                [
                13.1603,
                65.8808
                ],
                [
                13.1635,
                65.8808
                ],
                [
                13.1635,
                65.884
                ],
                [
                13.1603,
                65.884
                ],
                [
                13.1603,
                65.8808
                ]
            ]
            ]
        }
        }
    ]
    }