{
    "type": "FeatureCollection",
    "features": [
        {
        "type": "Feature",
        "properties": {},
        "geometry": {
            "type": "Polygon",
            "coordinates": [
            [
                [
                7.5434,
                58.0985
                ],
                [
                7.5466,
                58.0985
                ],
                [
                7.5466,
                58.1017
                ],
                [
                7.5434,
                58.1017
                ],
                [
                7.5434,
                58.0985
                ]
            ]
            ]
        }
        }
    ]
    }