{
    "type": "FeatureCollection",
    "features": [
        {
        "type": "Feature",
        "properties": {},
        "geometry": {
            "type": "Polygon",
            "coordinates": [
            [
                [
                10.052,
                59.1518
                ],
                [
                10.0552,
                59.1518
                ],
                [
                10.0552,
                59.155
                ],
                [
                10.052,
                59.155
                ],
                [
                10.052,
                59.1518
                ]
            ]
            ]
        }
        }
    ]
    }