{
    "type": "FeatureCollection",
    "features": [
        {
        "type": "Feature",
        "properties": {},
        "geometry": {
            "type": "Polygon",
            "coordinates": [
            [
                [
                9.9231,
                59.0675
                ],
                [
                9.9263,
                59.0675
                ],
                [
                9.9263,
                59.0707
                ],
                [
                9.9231,
                59.0707
                ],
                [
                9.9231,
                59.0675
                ]
            ]
            ]
        }
        }
    ]
    }